x1,x2,y1,y2
26000,22000,23000,1000
50000,0,275800,0
27000,0,35000,0
30400,0,25000,0
0,0,0,0
69000,4200,33000,1600
163000,5000,168000,0
71200,19000,37905,0
75025,0,97000,0
25000,0,35213,0
5538,20800,13000,0
0,5000,18513,5500
24120,37988,46868,0
0,0,19884,0
19616,0,38300,0
0,7000,5200,2000
30160,0,34000,0
26961,0,33000,0
3600,0,3900,0
11200,0,27400,2560
26000,0,26300,0
19000,0,14000,0
3500,16000,0,0
31530,0,34000,5500
0,20800,8088,5500
32060,0,63398,0
7000,0,2500,0
117668,3311,67543,0
101100,0,97278,0
71940,0,121260,0
10000,0,0,0
62000,0,33000,15000
70600,0,85600,1400
0,0,0,0
65300,0,88300,0
1000,0,30000,0
0,0,5400,0
43000,0,92500,0
86500,0,240300,0
37000,0,50060,0
46500,0,73000,0
146872,0,70998,0
22000,0,36270,2000
33000,0,81500,0
41850,10000,0,0
16000,0,2500,0
0,0,0,0
55000,0,31000,50000
33000,0,45000,800
85728,0,95100,0
59160,0,87034,0
12500,0,85000,0
2496,0,100,0
0,0,300,0
45350,0,56750,0
79500,0,84700,0
44370,0,64440,0
51000,0,38750,0
48000,0,60279,0
260000,0,600000,0
5000,0,5257,0
66000,19000,97000,0
70600,0,80025,0
20000,44000,20125,0
0,0,4840,0
62000,7000,89300,200
40000,0,66500,0
0,0,0,0
74000,16000,15000,31800
0,0,0,0
44830,0,57000,0
51000,7200,50400,0
0,0,0,0
41500,0,64000,0
48000,15000,5000,0
23138,0,38000,0
22338,0,36000,0
26000,0,67010,0
34300,0,25100,0
170153,0,104000,0
59500,0,50361,8700
52000,0,72349,0
26981,0,40933,0
47015,0,74080,0
38980,0,44473,0
52691,0,61064,1414
47320,0,56600,5500
30500,0,42900,0
115100,0,122012,2000
41000,0,15710,0
50000,0,73000,5500
2474,0,2700,0
58000,2960,56752,0
57000,0,65000,0
32001,0,28500,0
34760,0,36000,0
31000,0,72050,1200
43539,0,26776,7600
32080,44000,39700,0
42400,0,45000,0
1500,3000,36000,0
54985,0,73788,0
60240,0,50,1500
0,0,100,0
6400,3360,0,0
74218,0,146550,0
38000,0,87010,0
9600,7000,-10796,0
28449,0,46900,450
39075,0,70700,0
10000,0,7600,0
50230,3000,70200,0
127000,10300,57100,0
74400,0,92000,1400
0,0,996,0
55400,0,102000,0
54115,0,56500,0
67593,0,87200,0
4848,0,1572,0
14200,0,112200,0
0,0,0,0
33000,0,1510,0
56860,0,61420,0
0,0,0,0
65100,22000,63326,7600
42030,0,50000,0
36000,0,59200,0
3530,0,2000,0
61000,0,75000,0
83535,0,151500,0
97000,0,30100,0
6200,0,300,0
95600,0,28000,0
120000,0,300000,20360
200230,5000,158000,0
14120,0,5000,0
14000,5000,29000,0
36000,0,43312,0
61880,7000,63391,2000
30000,0,79530,0
74500,0,64510,0
74200,50,102200,1000
524870,0,128400,0
115400,0,147000,0
70800,0,60000,0
63000,0,107500,0
39125,0,29389,0
103343,0,106000,0
81100,140,110080,20900
112000,0,155500,0
63000,0,75000,0
8260,0,8149,0
22588,16129,19000,0
31131,0,18442,0
11000,0,0,0
46038,0,19450,0
28000,0,73000,0
52400,0,13200,0
6000,2520,5000,7100
30000,0,27000,5500
0,0,20200,0
30000,0,63000,0
7433,29120,9290,0
42200,28000,72240,0
47000,0,59100,0
58174,0,31920,6440
110000,10000,11000,0
33600,0,47000,0
53000,0,5300,0
72000,0,96000,0
61500,0,46907,0
29097,0,8414,0
15000,15000,0,0
71743,200,60500,0
90040,0,95012,5000
192000,0,291154,0
30300,0,20000,0
54567,0,113000,0
114581,0,152000,2000
65000,0,98500,0
27000,0,39500,18000
25000,0,68000,0
83964,0,95500,0
83000,0,111100,17000
8000,0,7100,0
72000,0,48800,0
110250,0,118030,0
24000,0,33500,0
82000,0,215000,0
0,0,0,0
0,0,0,0
25000,0,42000,0
0,5000,4000,0
6240,0,1500,531
0,0,19226,0
13900,0,18381,0
4436,0,17270,0
41400,0,94012,0
35490,0,4950,0
34703,0,32150,0
58127,0,7823,0
7400,0,5,0
116153,0,372000,0
100300,0,160900,0
2500,0,2300,0
59000,0,81380,800
31753,0,38600,0
1847,0,550,0
401593,0,400000,5100
170000,0,327000,0
111700,0,115050,0
17400,0,20000,0
45000,32400,51800,0
86050,0,120060,0
61400,0,64000,0
19174,0,66510,0
20766,0,0,0
40000,0,100000,0
85400,3787,138850,0
66000,0,110252,0
75193,22000,120300,32000
50175,0,59914,0
55850,0,67000,0
15500,0,6000,0
6000,0,160,0
28278,13000,38732,3356
71512,0,116700,3700
35000,4000,29000,11500
61400,0,19000,17
1100,0,8216,0
66185,0,87646,5100
400100,0,300000,0
115500,2000,1200,0
20000,0,23000,1450
126955,0,194654,0
30000,0,53000,0
44240,0,59000,14000
55049,600,72752,13500
26174,0,650,0
0,0,0,0
67000,0,86000,0
10000,0,27500,0
30000,0,25000,4200
24000,0,20650,0
81000,0,15900,10000
180000,9650,120000,0
198000,0,-4000,0
106000,0,183000,2000
12500,1000,150252,1000
129000,0,120650,0
19400,0,41370,0
104000,3000,146000,0
31400,0,2100,0
10000,0,4500,0
4128,22607,0,5500
76250,40,118173,1700
33500,0,18500,22000
79200,0,131200,0
42000,0,75566,0
3193,0,5698,0
148400,18900,93200,0
110800,0,145100,0
95000,0,140000,0
27300,0,65050,0
107600,0,15040,0
163250,0,323500,0
2400,0,600,0
41106,0,41000,0
6493,50475,650,6617
150020,0,200050,0
76000,0,102000,6200
56000,0,107000,0
34475,0,40120,0
10000,0,66000,0
0,0,0,0
105111,0,89400,0
40100,0,75224,0
33000,0,106800,0
19200,0,248,0
96000,0,119000,750
5000,0,6000,0
101500,7000,144500,7000
770000,100,489000,0
66143,0,156300,0
60547,0,41912,0
111593,0,78070,0
112100,0,95000,0
35000,0,96040,0
231238,0,161200,0
53100,7300,61000,0
53000,0,50000,0
10000,0,7905,0
85200,12030,88550,3000
48899,0,82000,0
7000,0,8000,0
137600,14000,141948,117
77000,0,76000,0
62000,0,100000,0
54850,0,27300,0
17800,0,29000,5500
120300,75500,146100,4000
23500,65000,14208,50000
75300,0,87900,0
56360,0,35175,0
400,0,150,0
96000,5000,150,0
56018,0,73000,0
32000,0,37000,0
69000,0,225,0
47000,0,93000,0
19360,0,66010,0
71000,25500,64000,0
0,0,0,0
58000,5000,68000,0
64000,0,46000,2581
22000,0,36833,0
95351,0,69150,0
1000,0,400,0
85050,5720,96800,0
44570,0,42000,0
27000,0,1000,0
21000,0,47010,0
74400,10000,89000,0
130300,0,172700,0
176100,0,164000,0
107700,0,144000,400
44100,5000,167950,0
60000,0,87100,0
128846,0,167643,0
25000,0,7400,0
61000,4900,69200,0
46000,44000,0,0
45030,0,41000,0
37000,12000,24000,0
42000,0,51000,0
56000,0,59000,0
26700,0,28000,0
5600,0,2500,0
57000,0,3030,0
150000,0,156000,0
43000,0,70500,0
4100,0,15400,0
162250,108500,214500,0
70000,2100,34000,0
4920,0,12600,0
52960,100,61748,3500
200000,11500,134200,0
117500,150,196550,3000
48500,0,130000,0
45205,0,62000,0
26600,0,165300,0
81720,0,88856,0
1593,0,13470,0
40000,0,90500,0
29409,0,38670,0
1500,0,2100,0
1500,0,1100,0
110400,55000,160000,0
51153,9160,8000,10000
63000,0,55000,0
28000,30000,62000,0
13000,5000,35000,0
30500,0,34000,0
1789,0,218,0
15907,0,18000,0
15234,0,6000,0
26000,0,0,360000
82180,0,134100,4000
0,0,0,0
31310,0,86820,0
135432,26000,222500,17000
85600,12500,56588,0
43220,0,90400,0
166788,0,411200,0
37720,0,53000,0
20035,0,109000,14
335000,5600,303500,0
59000,9500,35000,69000
43000,0,1340,0
27000,0,50,0
177200,15000,142872,23000
63000,0,55000,0
134370,0,156000,640
1593,0,150,0
198400,8200,187024,22000
49350,0,65250,0
9000,0,41600,0
83000,6281,76000,11200
93700,0,2100,0
105300,0,283400,0
82000,0,116000,0
70818,0,79592,0
45012,0,50000,0
51100,3626,69352,0
189000,0,164000,0
30160,0,61500,12400
220,0,29,0
86828,0,1520,0
76000,0,136376,250
41342,0,105010,0
71500,0,94300,5500
54000,0,74050,0
700,0,4350,0
124300,13500,141000,5500
46300,0,34950,0
12400,0,85000,0
19850,0,64484,0
0,0,600,0
81000,0,45000,0
29000,4000,24000,43250
31506,0,66122,0
9000,0,11650,0
48070,11200,25000,0
58000,20000,81000,0
38500,0,27500,0
48500,0,75000,0
107000,0,99000,0
70000,0,40000,20000
4000,0,40000,30000
8500,0,8000,0
79900,0,110900,500
14162,0,20000,0
83300,1500,81820,0
20000,0,76500,0
215000,0,98000,0
55500,0,76086,0
68786,0,16152,0
10000,0,0,0
44700,0,9000,0
3000,0,2000,0
97175,0,0,0
111220,0,146000,0
11000,0,153500,0
142172,0,140340,0
37000,0,75752,0
67000,0,61250,0
15000,0,20500,0
73000,0,88020,0
29300,0,49000,0
5400,0,900,0
135800,0,142600,0
360000,0,1341000,0
13000,0,32150,0
251591,0,127500,0
142893,0,204448,0
11000,5000,19500,19215
89000,4500,113000,0
220000,0,285000,0
0,0,0,0
31400,0,7580,0
2100,0,1800,0
23000,0,24947,0
29296,0,60000,0
1593,0,44454,0
115786,0,172000,0
36000,0,53252,0
108400,0,135100,0
26000,0,1283,0
34000,0,20020,0
37000,0,45000,0
2060,0,4100,0
44882,37917,51154,5500
37500,0,24020,0
90220,6000,101800,0
65000,0,59040,0
24854,0,16337,0
56350,0,61700,0
14000,0,12000,0
0,0,0,0
860,0,0,0
58500,21000,65700,18500
3000,0,0,0
6642,0,10365,0
43500,0,45620,0
61000,15000,86250,25000
78521,0,49100,0
63015,0,146974,0
60300,0,193000,0
69000,10300,31150,1000
45800,3000,8200,0
22587,0,45628,0
32000,0,45000,0
25000,0,10800,0
65,0,0,0
28664,5750,53400,0
3642,0,250,0
30000,0,37160,0
30600,0,46150,924
82797,0,70297,0
15587,0,22000,0
93000,0,115000,0
87400,1332,97040,0
45000,0,76500,0
46000,0,129000,0
47000,0,78000,0
63110,46100,70320,24960
96000,500,103250,0
82500,0,136000,0
30060,0,148750,0
32400,0,109000,0
94000,0,5948,0
60000,0,7300,0
26000,0,22000,0
800,0,375,0
24940,6200,30176,4100
48414,0,136296,0
24000,0,90000,0
4000,0,0,0
10000,0,47440,0
7000,0,42000,0
136000,0,113000,0
21500,0,43441,0
0,0,0,0
25000,0,0,0
37000,0,113000,0
34558,7000,50245,0
19000,2600,40113,13100
29000,0,34803,0
62000,36720,89600,0
172000,0,110400,0
11020,0,12975,0
28800,5000,56700,0
23000,0,31975,0
28220,7000,34000,8000
12000,0,3700,0
57700,0,64150,3200
54000,0,46400,0
17075,0,17000,0
36900,0,51000,0
60500,0,71300,0
-60000,5000,0,0
43000,0,75000,0
9568,0,35080,0
135400,0,201000,0
43000,0,51100,0
22000,0,45000,0
4800,15600,1350,0
2500,0,1080,0
102000,0,60000,0
65000,0,83292,0
38000,0,60000,0
1593,0,0,0
100,0,28500,0
174500,5402,202000,0
72000,0,176478,0
46400,0,167740,0
45500,0,69040,0
-22400,5000,66000,5500
0,0,0,0
35758,5000,43030,0
45550,0,78000,0
48000,0,74000,0
40000,0,67750,0
92032,0,46500,0
43500,0,3252,0
37200,0,55000,0
57611,0,50993,0
55223,0,12510,0
62080,0,90500,0
32605,2287,35672,11440
46022,0,45851,9500
65039,5000,52000,0
77000,0,78252,0
1593,0,500,0
30,0,0,0
65904,0,6193,0
30000,0,73000,0
62347,0,104684,0
116800,0,4600,0
18000,0,32000,0
28000,5000,42000,5500
69590,5000,58000,5500
65400,0,69510,10
3300,5000,3900,70000
42000,20000,15034,0
57000,0,106030,0
8000,0,12000,0
59201,0,32704,0
56627,0,39600,0
80030,0,132150,0
0,0,0,0
79050,0,24900,0
122000,100000,120100,0
0,0,10800,11000
16300,0,0,0
52200,0,127252,0
104200,0,131500,0
0,5000,0,5500
24600,0,0,0
77593,0,54500,0
140000,0,186000,0
9800,0,5000,0
57900,0,107000,0
90,0,15,0
5640,0,9500,0
16000,0,5000,0
123160,0,191276,2000
100200,0,151500,166
97500,0,45715,0
82000,0,27000,0
67000,0,83951,0
44878,24600,33900,0
0,0,150,0
57800,0,15000,0
46141,0,50110,0
12000,7000,2000,0
8000,0,948,0
61000,9600,31000,200
24500,0,29000,0
13500,0,12350,0
8000,0,4010,0
177193,9160,188153,0
76150,0,95318,0
60749,0,124000,0
1789,0,0,0
0,0,0,0
49000,0,123026,0
58700,0,60000,0
170000,0,295594,0
37000,3000,78900,0
92100,0,215200,0
50500,0,124000,0
21000,0,10700,0
50000,0,50000,0
50000,0,42100,0
20484,0,22661,0
121000,0,46180,0
32280,0,14000,0
45000,0,54000,0
59120,0,43150,0
2400,34000,1200,0
44700,10000,29000,0
35040,0,41500,330
50160,0,53000,0
28300,0,28300,0
98444,0,71000,0
163093,0,244575,750
300,0,252,0
42000,0,2,0
8000,0,9000,0
61040,10000,61180,38600
83400,0,90500,11000
252593,10000,449200,84000
70000,0,119519,2100
24500,0,33526,0
19716,50000,11500,0
60020,0,72410,0
8966,0,30000,0
44000,5000,80600,0
116400,0,115100,0
72500,0,123800,0
5000,0,15000,5000
49500,0,40000,14100
1082,0,5465,0
92500,0,133050,0
48800,0,15350,0
110740,0,130320,0
64000,0,75046,0
58311,0,57100,0
420,0,4556,0
39000,0,65000,0
76900,0,31600,0
33753,0,-13800,0
151650,0,112800,0
358000,0,180000,500
48000,0,115700,0
59000,0,180000,0
174093,4000,200590,0
64000,0,326610,10
765000,0,1218500,0
30195,0,700,0
12000,5820,14000,0
18000,0,30000,0
80000,14000,50000,0
112520,0,168351,0
55000,0,90000,0
25000,0,72500,0
18000,0,24411,460
30000,4424,7000,0
29000,0,186100,3925
6475,0,165810,0
205500,0,179600,0
148750,100,120550,500
155500,2600,190000,150000
34600,0,36500,0
64000,0,75300,0
130000,0,130100,0
39900,0,17600,0
26100,2000,81100,0
77000,1500,153000,0
44000,0,41371,6500
26412,0,11580,0
70010,0,53729,2746
163161,0,203000,0
113650,0,208100,0
47600,0,60650,0
79000,500,150252,0
82000,0,18200,0
122000,0,206000,2500
3400,0,610,0
101500,23600,1380,0
253000,3000,247506,40800
76100,60,89300,722
142000,0,201000,500
85500,0,81026,0
242,0,1200,0
640700,0,117400,39100
23300,0,31000,0
42000,0,10250,2500
55000,0,85252,0
27000,5000,43000,0
12000,5000,30000,0
8000,0,8136,0
0,23757,1,30904
25000,8000,27000,2000
12001,0,4800,0
53000,0,81506,0
66000,0,71440,0
39000,0,78000,0
35000,0,65000,0
2300,0,6000,0
0,0,42000,0
53103,0,60400,0
26960,0,44000,0
96200,0,2000,0
160250,39000,244100,0
36000,0,16600,0
173000,700,266200,0
40000,0,0,0
81800,0,94000,0
35000,0,36000,0
99020,6900,85216,0
80766,0,47098,0
95600,0,63912,0
59963,0,46165,0
63600,0,93200,0
4000,0,9000,0
43000,0,25000,0
55000,0,0,0
51000,0,68000,0
21909,0,0,0
43000,11000,70000,14000
82742,0,106110,15600
41200,70,60400,0
100500,0,74700,0
82000,2800,0,0
57405,600,68005,10500
80000,5000,90000,0
400,32000,15,40000
18450,0,15300,0
80000,11400,55500,38000
28890,0,42000,0
4200,0,3085,0
52600,0,228000,0
25500,0,22000,5000
37000,0,25000,0
1593,0,0,0
84000,0,172000,0
38945,0,69200,0
42000,22500,72510,0
29500,0,80100,0
56000,0,12200,0
55211,800,61150,18857
54075,0,28016,0
57500,0,4284,0
1200,0,1698,0
69000,5700,90000,13600
90500,0,109948,0
80357,1126,113484,6200
4837,0,90000,0
120050,0,113550,0
46500,0,52000,0
54556,0,53555,0
700000,0,40000,0
133000,0,136000,0
220200,0,237000,0
101000,8000,119500,0
50000,1000,69200,29500
75000,0,88400,600
39650,0,47700,0
0,0,13000,0
4000,0,800,0
36800,0,65050,0
54000,0,59500,0
20000,0,125252,0
105000,0,40000,0
68000,0,52000,0
61000,0,51617,0
107000,0,160300,24000
35000,0,0,0
129800,3900,191100,26100
17000,0,37000,20000
20000,0,34000,0
62200,0,22476,0
70000,0,80000,0
34650,0,38600,13000
90000,0,90000,12000
104000,0,68590,0
26000,0,0,0
66000,0,41000,33000
300,0,150,0
67000,4928,105050,10000
37600,2000,30010,5500
32000,0,95252,0
58001,0,16000,0
30000,0,57500,0
2000,0,650,0
42500,0,43700,0
2600,0,0,0
5000,2160,7500,1400
56888,0,69015,0
40500,0,25000,0
0,0,0,0
960,17900,0,4000
59853,15000,650,11117
119400,0,262000,0
31500,0,59198,0
105500,0,57000,0
115000,0,70000,0
77000,0,78030,0
95000,0,122000,0
51060,385,37015,26000
2193,0,650,0
-5000,0,106000,0
96500,17480,93686,23040
0,0,6125,0
7800,5000,26000,0
30000,17280,50150,0
250000,0,47900,0
66000,0,97100,3000
10400,0,26000,0
30000,0,61000,0
106000,0,125000,18500
15165,0,50600,0
13600,0,19020,0
38250,0,47100,0
81588,75000,89000,0
60000,7000,62010,0
32000,0,42000,5500
0,0,0,0
133000,0,120100,0
43500,0,28000,0
0,0,0,0
127200,0,269030,0
3500,0,5000,0
114575,0,86962,0
66700,0,71347,0
29490,0,83000,0
82419,1800,83000,0
5800,0,0,0
28000,0,32000,0
5000,0,809,0
30160,5000,68000,0
4800,0,0,0
1160,5000,0,0
12000,0,32300,0
25000,0,15000,0
70420,41500,76507,0
76600,0,93652,0
44000,0,20100,0
45020,0,82024,0
2400,0,1260,0
128750,0,19750,0
14000,0,15000,0
108100,0,155000,0
68000,0,44000,0
48001,0,113804,0
27400,0,42000,0
49226,0,49226,0
45000,0,46000,0
30050,0,84000,0
47100,0,52100,0
79200,1320,89100,4000
99000,0,158000,0
21000,0,34150,0
107200,0,24000,0
59000,0,117100,0
95705,0,8330,0
25005,0,99000,0
52000,0,66300,400
72000,0,43500,0
41208,0,70500,0
94000,0,106768,8000
19920,10929,26500,22000
77040,2367,103291,48848
67000,5000,36500,0
26800,22000,49800,3000
56350,0,22000,5500
67520,4000,67000,0
74516,0,92550,0
38593,0,58000,0
95500,0,91000,0
32000,433,650,0
13000,0,9000,0
18260,0,22000,0
0,0,0,0
10000,0,8000,0
69000,0,87400,0
53000,0,310,0
50000,0,120650,4000
118000,0,265000,0
33000,0,64500,0
19400,0,25000,0
29051,22000,72050,0
73593,0,78210,0
2112300,0,3350000,5000
26000,0,6460,0
68300,0,126560,0
29000,0,37000,0
31808,0,13634,0
170000,5300,269500,16600
38200,0,50000,0
6000,20400,63000,0
53800,0,75050,0
150,0,36,0
52020,400,101655,0
51100,0,85100,0
50010,0,62020,0
69500,0,101000,0
18075,0,48500,0
76020,0,96596,0
86050,5400,143000,8000
111000,0,200220,0
40000,0,42000,0
7200,0,53093,0
25500,0,11600,0
60000,0,400,0
112060,0,121212,0
33325,0,7200,0
95000,0,60000,0
134400,0,178100,2500
28000,5000,0,0
133000,0,103450,5340
96199,0,102400,0
80400,0,105440,984
74000,0,108600,0
47000,0,122000,0
12000,0,61000,0
55511,0,32035,3260
58000,0,51000,0
16109,0,16635,0
41058,0,57874,0
85800,25423,110061,0
50740,5000,34224,22900
28005,0,25000,0
85000,2600,100150,0
16090,0,18025,0
34000,0,39000,0
18500,31000,18000,37526
51559,0,57514,0
26165,0,9562,24000
25000,0,0,0
4000,0,0,0
75000,0,55500,0
100593,2000,60500,5500
84600,8752,112300,0
30200,0,42360,0
29040,0,24230,0
64000,9000,88300,11000
14100,0,27400,0
60000,36000,14450,36400
56000,0,51000,0
69000,0,132000,0
40262,0,99611,950
550000,0,34650,0
950000,0,95000,0
54200,0,73800,200
52000,0,19000,0
80000,0,102700,10000
61050,0,75300,0
0,0,0,0
22409,0,26516,0
120450,0,123000,0
1593,0,12200,0
22256,0,26000,0
45061,0,54000,0
30675,0,52036,0
26219,21000,108118,0
72812,0,90400,36000
13000,0,28100,0
1150,0,0,0
159500,10000,217100,0
105000,0,45000,0
40800,0,56000,0
19000,0,79250,0
44500,0,88800,0
55000,0,98252,0
42000,0,0,0
14290,0,3536,0
154000,0,202150,0
18400,0,9000,0
82475,0,161000,0
80400,0,519200,0
81643,0,180450,0
45250,0,38450,0
129500,0,93300,2200
5825,0,45339,0
90050,500,124600,6000
66139,10252,83214,22726
119200,4000,120780,22000
6134,0,9622,0
55800,0,69000,0
218500,0,100000,0
56000,0,125000,0
119000,2300,150300,0
18000,0,5400,0
16000,0,13000,0
56258,0,36400,0
9300,0,20000,0
29625,0,21826,0
61625,0,156764,0
21000,1280,11000,0
2000,0,0,0
51500,0,11600,0
202400,9160,64100,3000
46000,0,57400,0
37000,0,88000,0
37000,13000,31800,69200
48000,40000,73000,0
75590,0,65000,0
25000,0,38000,0
70000,0,58000,4000
44100,0,43094,0
24000,24500,31700,24000
39109,0,28538,0
12000,0,10400,0
190600,0,180600,0
177892,0,135100,0
38000,0,82000,18000
4500,0,26500,0
0,0,0,0
2302,21000,0,5500
0,7945,750,10400
3000,0,0,0
9100,0,36040,0
2000,0,1000,0
0,0,0,0
85000,0,118000,7000
9193,0,0,0
60160,0,150,0
47000,800,51700,0
121000,0,504800,0
62000,1000,0,0
39000,0,97000,0
16800,12000,14996,12480
15000,0,28000,0
18000,780,24000,0
0,0,0,0
51000,10000,50000,0
0,0,0,0
29500,0,46504,0
7300,0,6576,0
1140,0,20,0
68953,0,36947,0
14162,0,23939,0
81150,0,104600,0
78585,0,250,0
76200,0,104652,0
112600,2200,175076,0
132400,3000,151500,0
5500,0,115,0
38235,0,6000,0
13000,0,50000,0
426000,12093,348080,0
52584,0,65314,0
7800,5000,1550,33500
49000,0,76138,0
1500,0,12500,0
85000,750,100000,0
54000,0,74000,7600
76100,0,130000,0
7200,0,0,0
45000,0,28730,0
7200,0,10600,0
40000,0,19000,0
69426,0,255000,0
61900,1201,114370,9100
90700,0,183200,0
0,0,0,0
22403,0,4610,0
38880,0,35000,0
30050,0,45040,2000
40000,0,109000,0
58290,0,75000,0
6315,0,150,0
47000,5000,59145,0
27212,0,25150,0
13000,0,9000,0
61100,0,82400,0
98369,0,154200,0
36100,0,48000,0
260000,22000,271600,35000
22000,0,0,0
80050,0,103010,29951
39722,0,7000,0
310000,0,385300,0
52000,0,51100,0
54839,2094,71010,0
118600,840,135200,0
430000,60000,310000,0
70000,0,9600,0
71000,0,94000,0
50000,0,50000,0
64150,0,66148,0
320000,0,880480,0
31929,0,38000,0
53050,0,110000,0
42000,0,27007,0
15000,5511,0,0
53000,0,21000,0
34000,0,21000,0
70000,0,86000,0
28500,0,0,0
29500,0,18401,0
33298,0,30184,0
66000,6000,85000,20000
89997,0,148504,0
33116,0,95432,0
64480,5000,68000,0
30000,0,6500,0
65169,0,46808,0
6000,0,132404,0
80,0,700,0
4000,0,1000,0
64200,0,68550,0
64000,0,49400,0
70100,0,75300,0
30000,0,34997,0
324371,0,117821,0
25300,0,79664,0
156200,0,84948,0
52750,0,70052,0
0,0,0,0
106500,0,82500,0
1800,0,500,0
59500,7500,94000,0
900,0,13453,35000
71000,12471,59000,11000
88000,0,150000,400
10300,0,0,0
16400,1201,10528,0
0,0,650,0
67000,0,135000,0
23000,15000,36000,0
110000,0,104000,5500
154600,3500,203000,0
92000,0,110000,0
10200,8000,25500,0
27010,0,32000,0
325000,0,219726,0
186120,0,270800,0
44850,0,53000,1000
104700,0,200300,800
82305,0,206700,12777
67000,0,168252,0
16200,0,29300,32000
40655,0,67200,4500
19800,0,4950,0
35197,0,25000,0
340000,0,700000,0
76400,0,130000,2000
64193,0,130000,0
78300,0,115000,0
104000,0,145000,0
65933,135,85000,1600
118500,0,224000,0
22000,0,37152,0
99600,0,94300,0
68200,0,86182,0
118200,0,167000,0
18000,0,24500,4200
69553,0,72650,500
55000,0,79750,0
78000,0,93266,0
48000,0,41000,0
86700,0,322500,0
130000,0,123500,0
172880,0,134652,0
29000,0,37776,1000
43500,0,66500,4100
10296,0,76200,0
95500,0,77100,1300
490000,0,232200,0
57560,0,142100,0
145609,0,432488,0
60500,0,71300,0
74450,0,64506,0
49020,0,86700,0
5100,0,150,0
180000,5200,80000,3000
0,0,0,0
23550,0,99600,7600
36500,0,56022,0
56500,0,72000,0
20500,0,35000,0
11481,0,0,0
21000,0,28000,0
40000,16360,82500,0
14000,0,17000,0
40000,0,11000,0
236000,0,420100,0
20000,0,12000,5500
50000,0,39000,0
35000,0,400,0
25000,0,23000,0
14141,0,7550,0
213000,0,30000,0
197900,0,254000,0
122300,0,34732,0
88900,0,91300,0
53950,12009,69000,23000
1593,0,12900,0
57000,0,70400,0
85800,0,51200,0
30000,0,1500,0
53325,0,70862,0
19100,0,83000,0
42160,0,70500,2000
1193,125000,980,0
58200,0,22700,0
28600,0,30000,0
110000,0,155000,4100
0,0,4800,0
35200,0,49000,0
26000,0,70100,0
29918,30000,71000,3000
29610,0,104200,0
0,0,0,0
0,5000,0,0
29300,15000,56000,0
73800,17000,95563,0
26000,0,40000,0
63500,0,141300,0
135968,0,157037,0
2184,0,962,0
44302,0,82102,0
80000,0,47000,0
167640,0,164300,0
41480,38000,23268,0
57500,0,10200,0
94030,0,256006,0
63000,0,120000,0
4610,0,14000,0
78000,0,97100,44853
161400,0,135000,0
6800,0,18000,0
187500,1200,903000,3464
92000,2040,123000,0
105500,120,136200,6500
99000,0,70400,0
45500,0,61948,0
37290,0,4156,0
74500,0,65000,0
96000,40000,115000,30600
60460,0,57840,0
124800,300,152000,0
67750,30000,0,0
1200,0,0,0
25,0,125,0
10000,0,19000,0
73300,9000,69200,34000
35030,0,241200,0
60000,0,75000,0
14000,12000,30000,61500
65753,0,82511,0
78400,0,128000,0
108400,0,111420,0
80600,61100,40800,0
54000,25000,83900,98500
20000,0,39000,53882
99500,0,128016,0
48000,0,66000,0
25000,0,34394,6170
51000,0,73849,150
9320,0,42450,0
29000,22000,172,18000
29000,0,20830,200
29000,0,37500,0
103015,0,94000,0
30000,0,51000,0
27000,0,44500,400
80062,0,84032,0
95700,0,81000,0
9920,0,0,0
9000,0,27000,0
15631,0,43894,0
27866,16200,43202,0
18500,0,79900,0
92600,0,40400,0
47520,0,63200,0
56786,0,94000,0
50200,0,2200,0
125804,14000,150600,0
65000,5000,138050,6000
95000,0,112100,45500
-2000,0,6001,0
147027,0,58081,0
11000,0,15000,0
10000,0,30000,0
310000,0,480000,0
195000,0,380948,0
12000,0,0,0
126475,0,78930,0
40000,0,0,0
200000,0,176202,0
77050,0,115300,0
69800,0,82326,0
53100,13000,65300,5500
29500,0,32500,0
49864,468,41412,0
30000,0,41000,0
0,0,0,0
45000,0,74000,0
109100,30400,76000,0
20000,0,200,0
48000,0,77000,0
64300,0,41600,0
36000,0,47000,0
0,0,86900,5500
120000,120150,146500,0
45000,0,166450,0
1000,0,1200,0
63730,0,80200,26322
87000,0,128026,0
158926,0,20950,0
5177,0,27000,0
93000,0,118000,0
0,0,10200,0
0,0,52,0
7893,0,9400,0
74000,16000,61800,0
57478,0,82639,0
35000,0,124667,0
68900,0,97931,0
139700,0,202600,0
40300,0,71800,0
29400,0,38000,0
24000,5000,71250,900
90000,0,105948,0
0,0,6020,0
244400,0,2000,0
105200,26960,70012,45000
165000,0,13000,0
108300,7000,131000,0
32500,0,24500,0
80000,0,139052,0
76750,85000,95220,0
15000,0,13900,1500
84033,0,75000,0
22940,0,35900,0
45030,0,76761,0
123300,4100,177500,5500
73000,18000,75000,33200
50000,0,450,0
30800,2800,34360,5500
102000,2500,104800,18237
58319,0,13000,0
76600,0,110500,6000
17800,0,21000,0
41000,0,7349,0
49000,0,60000,0
179000,0,129000,0
74770,866,58897,0
0,0,0,0
14150,0,0,0
19500,0,23300,0
0,16000,300,5500
67272,0,78155,0
39000,0,40000,0
26500,0,31788,0
47500,28500,49000,0
73295,0,118196,0
31791,0,9581,0
29500,0,29900,0
62060,0,64000,0
64500,0,77000,0
43600,0,61276,0
24000,0,36005,0
95100,0,125100,1300
56500,0,67000,0
47500,400,300,7600
195000,0,243800,0
65000,0,77900,5500
61500,8075,76000,0
9800,0,5500,0
145620,0,137660,0
106000,75000,98800,93000
19500,0,26372,60000
27100,0,26000,0
35000,0,87000,0
29500,0,42000,1300
25933,0,335000,2920
16085,0,76018,0
80800,0,86527,0
55000,0,205000,0
4700,10000,34712,0
39350,0,48090,0
37000,0,55050,0
37400,0,67254,0
15718,0,28000,0
42823,0,46200,0
1600,0,1500,0
40809,0,30264,0
9000,0,101000,0
27500,0,85000,0
85000,0,145405,0
85035,0,41020,11000
14500,0,40000,0
142935,500,153300,44000
41546,0,36925,0
29000,0,28680,0
43500,0,50000,0
89000,0,135300,342
39317,0,82000,0
400,0,25,0
41900,0,52875,0
50000,0,67002,0
24500,3600,70000,0
45000,0,57600,0
0,0,100,0
0,0,72000,0
18485,0,9353,0
82000,0,45008,0
110000,0,111490,6300
76500,0,102146,0
107900,2000,223235,3900
169400,0,170250,2100
83930,0,108150,0
14094,0,14855,0
30160,2080,34150,5500
105182,0,245650,0
98000,0,132500,0
36000,0,25000,0
56000,40000,181600,0
21002,15000,30002,0
62000,0,96614,6000
16000,0,19020,0
116000,3800,53000,44000
93000,0,140100,0
88300,0,110450,0
55010,0,113000,0
62793,0,87227,0
71000,0,80300,0
65160,0,99000,0
37000,0,13614,0
2023,0,2300,0
53801,173,82462,2000
50250,0,100652,0
40000,0,36000,0
85700,0,186000,0
30500,0,12500,0
450000,0,164000,0
42000,9265,81281,0
46000,0,78350,0
98920,0,54800,0
82100,2000,107000,2400
87350,3200,119380,0
87803,1950,128220,3900
48100,0,66800,0
69200,0,145300,0
105180,10200,57614,0
59520,0,80150,0
1200,0,78,0
65000,7000,60000,6400
42950,1200,68500,3250
1200,0,6000,0
0,0,0,0
58624,0,72000,0
33000,600,25721,25000
7000,0,1800,0
21000,0,25000,0
5000,0,0,3000
0,3180,0,8500
40000,5000,26000,0
23000,0,23000,5500
30160,0,8000,0
32400,9607,28150,5500
4212,0,2700,0
65200,0,81500,0
8151,0,127958,1500
0,0,0,0
38360,0,49503,0
55000,0,71036,0
6000,0,0,0
28900,0,27540,0
60000,0,42000,0
16300,0,54075,0
54000,642,123871,0
97130,3000,97050,0
68401,0,69000,0
1593,0,7000,0
79000,0,154000,0
56000,0,56000,0
75000,7000,38000,5500
28000,0,2900,0
107500,9500,237000,18000
224000,3430,149130,3000
13000,0,200,0
20000,0,23300,0
30030,66000,34600,26000
108000,0,132000,0
140000,0,140100,0
140000,0,120000,110000
150600,0,136150,0
71800,0,150020,0
26300,0,81200,0
2300,0,21960,0
45000,6000,62000,49100
72000,3560,93200,0
80000,3600,89100,9500
20200,0,13100,0
51000,0,64000,0
102500,30000,143000,10000
181400,0,89252,300
98160,0,115500,0
93400,0,113200,3500
111197,0,265000,0
7300,0,50,5500
27200,0,31500,0
0,0,0,0
33800,0,9000,0
91000,18500,54000,52000
195870,0,281300,0
119000,0,133000,0
15400,0,26812,0
10400,0,22621,0
90000,0,129000,0
66000,0,-49400,0
68000,0,68000,0
23100,0,29300,0
195000,3900,165200,880
169500,0,243693,1019
27100,0,26150,0
11250,0,31600,5500
-16335,0,63893,0
39640,0,37500,0
90000,8500,148250,10500
35000,5000,49926,5500
0,0,0,0
100100,1500,74000,5000
103000,5000,88000,0
95000,0,157975,0
126600,0,139000,6000
110200,0,295800,0
70000,0,90000,0
31300,0,52000,0
47500,0,43000,0
47000,0,58000,0
36000,0,54928,0
64010,30800,40200,0
108000,0,100000,0
44030,0,500,0
124630,3000,190200,0
175500,3400,309011,2121
90050,0,162500,2000
12000,0,39000,0
204000,0,170500,0
-200,0,25450,0
60200,0,32800,0
160992,0,152000,0
41000,22000,85675,0
0,0,0,0
39600,0,71000,0
41000,0,80810,0
2450,0,2052,0
47180,0,69074,18000
35000,0,12210,0
142046,0,267595,0
42200,0,54465,0
45,0,0,0
37000,5000,22667,0
114212,0,127900,0
66000,0,79200,0
41593,0,89650,0
39000,0,88150,0
57700,0,72770,0
102800,1300,37100,2500
1000,0,0,0
21000,0,35000,0
17000,0,41000,4000
32000,0,36000,0
37000,0,25500,66500
4000,0,6000,0
35000,0,57538,0
55000,0,94500,0
11494,0,48276,0
80000,0,90100,0
53000,0,94500,0
65500,20500,104300,0
1000,0,4015,0
86730,0,103200,0
26100,0,48200,0
0,0,6000,4400
138700,7000,168276,6500
7000,0,10000,0
8000,0,51000,0
108500,0,232000,0
97700,0,144000,5500
117010,0,152100,0
214000,6000,193000,40000
46200,0,90250,3000
71741,2066,81852,0
0,0,20,0
70000,65000,96050,0
36504,40000,27300,96000
30000,0,45000,0
41000,0,63000,0
115000,0,129000,0
61000,0,8000,0
870000,4100,467000,800
269600,0,350800,0
130000,0,260000,0
47300,0,80002,0
706000,15000,2131500,2000
183000,1000,193000,0
60000,0,48000,0
76880,9160,15000,0
17000,0,41350,0
54553,8000,473200,0
323400,200,409200,0
420000,0,680150,0
103000,0,400000,80000
27000,0,109356,0
10920,0,36500,0
152500,5000,137500,0
0,0,150,0
57000,0,52000,18000
83000,15500,40000,8200
40050,0,73817,0
74500,123110,85650,0
1593,0,0,0
46000,5500,30000,5500
59920,0,82605,0
109000,0,165050,7000
301847,0,266500,300
95000,15000,89500,0
95000,0,173611,0
202000,0,146600,0
22000,0,20300,0
36000,7020,475000,0
209600,3000,241500,0
842000,0,150459,0
123500,0,72000,0
99000,0,50000,2000
18000,0,90000,0
68960,0,26200,0
121100,0,109200,0
175000,0,196200,0
500,0,0,0
42000,80000,32000,130000
0,0,80000,0
20000,24160,80000,11257
50000,0,20000,7600
17000,7000,97000,0
24826,5616,70000,20000
121403,0,94250,0
77000,0,70000,0
12000,0,6400,0
51050,0,151016,0
0,64200,6500,57000
31200,0,29000,0
61000,0,78050,4700
48150,0,86070,0
3480,0,0,0
2000,0,800,0
1593,0,3650,0
3400,0,50,0
28900,0,0,0
46000,0,106211,0
40000,0,69100,0
54000,0,82948,0
1593,0,6000,0
166600,0,219000,0
-44610,0,176000,0
151500,18000,144000,0
12000,11400,20000,12000
26550,8800,33830,0
21000,6700,60520,1200
7251,0,0,0
60000,0,101000,0
107000,0,92000,600
19000,0,24000,0
90000,0,155000,0
34400,0,65000,0
70400,0,103800,0
520,0,2000,0
0,0,0,0
24020,0,2600,0
5200,0,1100,0
118500,0,31630,0
0,0,250,0
67920,0,80058,0
40130,0,752,0
28800,11440,40000,0
17000,10000,64000,0
85400,0,133000,15000
96632,0,140674,0
207300,0,37000,0
275200,0,235200,0
49000,0,87500,0
0,5000,0,0
120000,0,108150,3000
44000,0,40406,0
3936,0,1264,0
63302,0,79218,0
40070,0,87000,0
85774,0,50908,0
84300,9000,87500,0
61810,0,97997,0
52000,0,75000,0
195000,0,486098,0
31650,0,23868,0
54100,9500,56359,0
0,0,0,0
92000,20000,115750,0
36000,0,44400,0
12844,0,0,0
8000,0,18000,5500
8500,0,2500,0
114160,0,175400,0
14000,0,61500,0
135000,0,54385,0
32000,0,30000,0
69000,0,104000,0
160100,5700,221700,0
59100,0,74000,11000
45400,0,51100,600
50000,0,77076,0
134530,1642,154338,2500
2715,0,15177,0
14000,0,8200,0
17000,0,23000,0
23000,0,30200,7920
48000,0,70800,0
16000,5916,20300,11257
39593,0,0,0
72000,0,56000,0
0,5000,0,0
0,300,13000,1100
14820,0,7712,0
95000,0,160252,10700
77552,0,109026,1500
26000,30700,34500,0
500,0,150,0
46060,0,82200,0
101030,0,30785,0
30000,0,9500,0
-3275,433,12200,0
11300,0,10200,0
127400,0,115480,4500
94090,0,113300,0
24000,0,48000,1350
29531,0,33546,0
28000,0,68000,0
38000,27000,15000,0
18200,0,1000,0
82200,0,88500,0
41637,0,60000,0
55000,0,62000,0
75400,0,33200,0
68500,0,118250,0
21000,0,1448,0
54200,0,92131,342
63000,0,56000,0
48000,0,55000,17830
18500,1900,31000,78920
38000,13000,54200,32000
65000,0,114000,0
0,0,84000,0
57000,0,98000,3000
107000,2000,132000,5500
0,0,0,0
30000,18000,21000,0
49500,1300,48100,3000
79600,0,87000,1000
4400,0,8000,0
8400,0,30150,0
70500,0,104000,0
209000,3968,202650,0
93000,7000,90650,0
58000,20000,41120,0
0,0,0,2500
15000,0,18000,0
14000,0,60500,0
7000,0,29000,0
34000,0,78508,3100
4403,0,2295,0
22180,0,63340,0
1632678,0,38000,0
4500,0,-10000,0
156400,0,250000,0
24500,433,24600,0
56500,0,65600,0
160030,0,135080,0
60600,18000,64550,10000
78600,0,85552,0
61900,0,108065,0
40000,0,37000,0
101200,0,13875,0
99200,70000,190000,0
63200,2711,35100,27000
37500,0,60000,0
68000,0,101000,2500
69000,5000,0,5500
400,0,650,0
58620,0,3012,0
70892,1500,97406,2100
37755,0,37475,0
128080,0,193500,0
0,0,0,0
60000,0,93400,0
37943,8415,44056,0
410200,0,56406,0
67095,0,97400,0
28000,300,47000,0
66581,1296,79127,5500
85500,0,122000,0
179071,0,85000,0
0,0,130,5500
63662,0,64759,0
12120,0,19020,10000
52000,0,19073,0
0,0,3000,0
85000,6000,34585,10000
60000,0,79653,0
40000,0,46000,0
2700,0,3264,0
49200,480,73000,3000
70000,0,36000,0
64980,0,56000,0
10810,24917,15835,40248
43420,0,55900,0
32500,0,94000,2000
90001,0,72000,4684
62140,0,80300,3000
75000,0,47750,0
48165,0,126000,21000
65766,0,57200,0
103700,0,-12500,0
56570,0,90000,0
93200,5000,7000,0
86200,0,73800,0
127000,0,76050,0
0,0,12300,4000
16012,0,70000,0
7943,0,4800,0
25000,0,28000,0
10300,0,9000,0
0,0,0,0
76300,0,105100,5500
40000,0,15000,0
32000,293000,110500,175000
109000,0,108189,0
48050,0,104380,0
91000,0,95650,0
0,0,140000,0
41016,0,80003,1038
71580,0,91200,0
14593,0,14000,0
79000,10000,63000,3480
25000,0,25000,0
2012,0,62100,0
130000,0,195000,0
19593,0,22650,0
152722,5433,54300,0
110000,0,142500,0
122400,4400,164600,0
118700,0,115708,0
113700,0,355000,0
0,1500,29100,18000
42100,0,50000,0
55000,0,81318,0
55,7282,77,0
464000,6400,499000,4000
163600,2550,226500,0
96200,0,31200,0
320600,0,840250,13360
140350,2500,124580,390
103000,0,118252,5900
111345,0,72870,0
122000,0,139800,0
114000,0,70000,0
52000,0,20,0
82125,0,90700,0
24893,0,3000,0
32100,25000,84600,0
77817,0,110000,0
16000,0,35000,0
49300,0,54000,0
156000,0,206300,4100
14000,15000,2300,0
2400,0,1644,0
31460,0,0,0
60500,0,30005,0
60200,0,95280,0
51000,0,125900,0
47000,0,40000,0
42000,29180,24500,8640
110540,0,130000,0
133700,0,183400,12500
90000,0,403020,27600
127000,4500,157252,5500
125000,0,100252,0
220000,4570,134272,0
500,0,650,117
138000,0,167000,0
10200,80000,37000,0
80500,0,142000,0
150500,0,579000,0
29400,0,8000,0
22000,0,28000,0
33920,0,45700,2500
38300,0,174400,0
126020,0,237752,0
37500,70000,6200,0
81000,0,108000,0
51000,0,61000,0
6950,0,0,0
76200,0,56000,0
53822,0,67047,0
21615,0,25000,0
50000,2200,133981,18809
53264,471,60526,5812
112000,0,101176,0
64780,0,97010,0
29000,0,35000,5500
25900,100,27440,5500
14000,27000,16000,0
23300,0,6000,0
14000,0,18000,0
37000,5000,73000,0
15000,0,18000,0
25130,0,45000,0
115000,0,29882,0
23000,5000,26040,0
2000,5000,13300,5500
2200,0,500,0
47944,0,90000,21200
52000,19000,110613,0
45000,0,0,0
27299,12810,29748,0
90820,7100,90902,7600
129300,1300,199048,20000
50000,0,48000,0
36148,0,52875,0
62000,0,79000,0
67056,10500,45163,0
137415,8800,160010,4200
0,0,100,0
2000,0,1000,0
60000,0,600,0
41000,0,54000,0
16560,0,0,0
13600,5000,3909,0
36000,0,103000,0
46000,0,93522,0
6000,0,2000,0
81900,1050,119150,1500
90000,10480,105000,20000
77500,0,124200,2100
11300,0,19300,0
75000,0,83000,0
74900,0,65000,0
135500,0,195550,0
3700,0,1800,0
523500,0,495000,0
162900,11500,281650,0
29160,10000,23006,0
60000,0,31000,25000
36500,0,23511,0
18500,0,37604,0
11000,0,32000,0
5100,0,5000,0
73000,0,98000,0
49000,18000,97006,0
75000,0,110010,0
26600,0,65000,7600
75000,14240,83004,0
26700,0,57000,0
-3100,0,102256,0
38000,0,73000,0
57000,0,72900,0
720,0,0,0
98060,12000,48100,13100
30060,12500,44000,5500
114000,0,104000,900
50200,45000,142200,0
60100,0,100000,0
14500,0,39600,0
36653,0,1200,0
39250,0,60170,0
276000,0,202000,4500
1710,0,0,0
88222,0,68030,0
77010,5800,96930,0
57410,0,121806,5100
37000,10000,37200,5500
47000,0,54000,0
12000,0,1600,0
1253,0,17017,0
35050,0,48050,0
95240,5263,109076,58009
139093,0,7000,0
100800,0,183192,2000
673000,20000,150000,87200
213410,4379,272500,770
81320,0,90000,0
-42968,9875,98470,0
0,0,0,0
79527,0,27700,0
22000,18000,600,0
22000,0,83000,0
44671,0,50300,2200
101000,0,4000,0
196593,0,128248,40
158000,0,201100,0
215000,0,241144,0
25366,0,17856,200
4530,0,16970,0
0,0,0,0
60600,0,25000,0
82560,0,133100,0
42100,0,86400,0
27732,0,290356,0
86200,0,107676,0
29150,0,45030,0
26900,0,57752,16000
59000,0,62000,11000
-59948,0,259500,0
131000,0,124000,0
400,0,0,0
38700,18000,130300,0
21653,0,24000,0
29775,0,46470,0
83000,0,45000,0
34600,0,49000,0
53006,0,71000,0
25800,0,19000,0
207600,0,462200,0
6400,0,289,0
172000,1200,264000,62090
172500,8000,177000,0
114000,2200,29869,30800
77500,0,99000,0
109000,0,197000,0
256500,0,330150,0
201600,0,124700,0
0,0,0,0
3650,0,650,0
2500,5000,25000,27000
62948,0,100000,0
0,30600,0,0
21000,0,29060,0
3664,0,0,0
42000,0,30000,0
10400,0,7800,0
11000,0,6240,0
24000,0,0,0
4100,0,0,0
66150,0,95480,0
39000,0,61300,0
42000,0,126030,0
60300,0,55300,0
82000,0,40000,0
5785,0,500,0
74925,0,103323,0
60633,899,71167,26600
74574,0,135126,7176
43000,2100,45318,0
28900,0,165500,0
1615,0,400,0
69158,2400,61477,18100
2600,0,120,0
111000,250,114362,40040
69300,20000,95100,3000
42000,0,50000,0
60000,0,40000,33000
30000,0,29000,0
12000,0,18000,0
46000,6800,41000,5000
42000,0,20000,0
92000,0,67000,0
71840,20130,69205,0
72400,0,91000,0
72700,39960,92550,0
49000,0,96000,0
91500,0,69500,0
38000,0,169100,0
18000,0,49470,0
1000,0,150,0
27000,0,36000,25000
80000,4400,113000,0
29250,5000,36605,6000
32000,4000,72000,0
38512,0,73000,0
17850,0,28600,0
33000,0,25100,21000
27400,0,40000,0
30300,8600,96100,16757
0,0,1000,0
27500,8000,23000,0
25800,5000,-33680,0
31000,0,45000,0
20000,0,45000,0
62400,11000,28252,10000
44060,0,58500,2000
56073,5000,108000,0
60000,0,69500,0
106000,6500,150252,26000
0,5000,3550,50000
119793,0,156048,0
54000,0,92999,0
10350,0,202533,600
0,0,650,0
67700,22000,173700,0
94040,0,109510,3000
50000,0,70000,0
40500,1200,10948,21000
48000,0,45000,7600
84,0,50,0
35000,0,55000,0
39506,0,37800,0
36000,0,175,0
80000,4000,103000,0
50000,0,73000,0
19500,0,45000,0
100,0,0,0
0,7000,0,5500
35898,0,40000,0
67500,6250,25000,0
0,16000,0,0
27020,0,39100,0
15000,0,17000,5500
15000,7000,10000,0
33360,29000,35000,44000
29565,0,0,13000
26330,0,48000,0
44000,0,52772,0
60500,0,69000,2400
66650,765,73300,15100
53034,0,82130,0
127200,16000,173000,0
103980,5000,18700,5700
48000,0,50000,0
63200,10200,62000,17500
20500,0,2800,0
32000,5000,65000,5500
0,0,0,0
70100,0,92800,0
79000,14160,10000,8710
6060,0,37185,0
112000,0,99699,0
64000,0,96050,20
50500,17350,36000,26000
22000,0,30000,0
18200,5000,26104,0
73000,0,0,0
150000,0,65252,0
16230,0,32450,0
34600,0,48040,0
22000,0,100000,0
52460,0,58810,0
2400,0,650,0
45811,7000,51000,5500
50000,0,57454,0
51000,5000,22000,0
7180,0,0,7600
103600,0,76458,0
38500,0,20000,0
32000,0,500,0
18000,0,0,0
0,0,1500,0
64600,0,88252,99
0,0,7560,0
22096,0,35300,0
19000,3000,48000,0
119500,16500,104200,5500
31000,0,22300,0
72000,2150,150000,0
73000,0,93000,0
0,0,500,0
28000,0,75000,0
110000,0,146000,0
8400,0,8700,0
66735,0,11028,0
180000,0,160252,0
89000,0,100100,0
70500,0,16000,0
132874,0,1533,0
120964,203,224982,10520
61000,0,1191,0
1000,0,6120,0
92900,0,55234,0
65811,0,99500,120000
47800,0,65800,0
22000,5000,30900,0
15193,0,21000,0
65500,0,142075,0
18000,0,19500,9100
164941,434,133966,5526
13000,0,11000,0
0,0,0,0
78100,0,113260,0
230000,10700,670670,0
85200,30,138368,520
200,0,5150,0
29400,10913,54100,5500
49000,0,44200,0
34218,0,50150,0
7300,0,25000,0
55600,0,34000,2000
62000,0,71252,0
15000,0,151689,0
99312,9300,201000,90000
73000,0,96000,0
25900,0,58500,0
11000,0,59800,0
137000,0,107000,0
66700,0,103200,0
82150,5000,84200,0
96000,0,152000,0
72000,0,61200,10200
0,0,0,0
52000,21000,50000,17000
12000,0,13800,0
77000,12000,43207,0
150000,0,0,0
24000,0,50000,0
38000,0,47000,0
59833,0,140000,0
22000,0,0,0
36800,0,77160,0
36000,12000,29000,0
19000,0,30010,10300
21536,0,39000,0
14000,0,0,0
79200,0,52325,0
0,5000,150,16500
93200,300,110010,11000
99900,0,113676,0
5000,0,1200,0
92196,5000,72529,5500
3000,0,29500,0
52550,34000,66504,600
23000,10000,31000,24100
46000,5000,51000,7600
35000,0,43000,0
123254,26000,126300,0
37900,0,48400,0
88495,0,122500,0
19500,0,6100,0
89220,1500,95020,5000
17000,6000,38979,0
0,0,0,5500
13000,5000,0,22000
93795,0,102339,0
41700,0,54000,3120
0,40000,0,0
6000,0,0,0
41500,5000,32600,0
93400,33150,105000,0
45100,0,83000,0
21000,0,35048,0
1100,0,0,0
54,0,47,0
150,0,650,0
0,0,0,0
45500,0,60000,0
4000,0,26350,0
33900,200,55804,400
149135,2765,89995,0
170000,12400,268130,2600
11000,0,6000,15000
28000,0,60000,0
29000,0,17600,0
0,0,0,0
95400,27000,116400,20700
97700,0,36350,0
141200,0,169300,800
1200,62000,12130,0
5700,6640,10700,0
42000,0,54000,10500
42100,0,79785,0
22000,0,29000,0
33100,34000,52000,0
23000,0,50000,0
80000,0,78600,0
17850,0,16122,0
37575,0,28850,0
19600,0,5350,0
64800,0,166798,0
25000,0,2767,0
228000,300,288000,13000
144000,2000,211700,0
77300,0,99219,0
29400,0,93000,0
1364300,1300,191400,25000
10375,5000,7228,0
1593,0,500,0
128500,7032,133300,11000
602867,0,165229,7000
60000,0,650,0
30160,5000,27700,0
8000,0,0,0
50000,0,100000,0
15045,15000,29001,0
17000,0,29000,5500
88000,0,65030,0
125000,2980,114797,1000
35000,0,48174,0
45000,0,80000,0
20500,0,33000,0
52160,5000,61050,0
450,0,3184,0
17500,0,9107,0
100,0,200,0
94000,30000,116260,200
67000,0,7250,0
38000,0,73000,0
32400,0,47000,0
45819,0,55000,70000
0,0,0,0
32000,0,48043,0
53000,0,64000,0
19600,0,53500,0
36000,0,62000,0
62400,5000,214000,45025
51000,8840,33000,24000
40000,0,76000,0
88140,0,58200,0
30307,0,71299,0
6600,0,29600,0
42985,0,92400,0
8000,0,11000,7600
37000,0,5500,0
144000,1500,124042,5500
89500,0,146000,0
45600,0,178000,5000
20000,28000,7000,0
1500,0,150,0
15245,0,14500,0
105000,4000,76860,46000
350,0,340,0
23850,0,14000,0
26000,0,28000,0
66400,0,84400,0
59600,17160,92000,22000
149650,0,79182,0
34553,0,52192,0
4352,0,3455,0
62000,0,71800,0
29550,0,35000,0
86000,700,94618,30846
30000,0,14000,0
85100,0,123000,1000
26186,0,47000,0
8000,0,0,0
41046,0,66586,0
23000,0,0,0
44200,400,46700,0
33800,630,56000,0
60150,0,58050,0
0,0,12,0
71200,4360,110017,17000
3747,0,3030,0
105000,75000,141000,0
70000,7400,95000,59500
63000,700,77143,50
78000,0,114000,0
96000,8600,96600,7600
83200,0,102000,0
4250,0,42020,250
5000,45000,3252,25117
120800,0,167500,0
70222,4240,96677,120
105020,0,136000,0
228000,30000,289000,0
65000,0,0,0
80000,0,110000,0
93000,0,114100,5000
155000,0,230005,0
125400,5000,193268,0
41500,0,68000,0
132000,0,133000,0
2400,9160,2400,0
26000,55000,17000,0
98020,10840,108000,26000
6600,0,4800,0
24000,0,60,0
80000,55000,27000,0
70500,0,164500,0
54983,0,49552,5500
132600,0,127700,0
25200,30000,28370,0
45150,0,50400,0
97900,5000,127173,0
50450,0,54650,0
28400,0,78000,0
113300,0,287997,0
46000,0,70000,0
13000,0,150,0
56200,36000,61000,30000
38500,0,2300,0
80000,0,98000,75000
15000,0,95000,0
124886,0,5500,0
98200,26000,98300,0
2400,0,500,0
35493,0,10000,0
41000,0,0,0
69000,0,35000,0
32000,0,36000,0
16000,0,94000,0
114400,0,127000,0
105500,0,80000,0
61353,0,50472,0
33353,0,40000,0
35000,0,14000,0
131200,0,207400,0
10600,0,110800,0
90850,900,400000,0
120529,81,101970,0
103748,0,165416,0
49582,0,64433,0
7200,0,16198,0
497300,0,155900,12000
50499,0,10410,0
223850,0,80901,0
92100,0,155100,0
17500,0,58100,3383
128000,0,66000,0
120500,0,275200,0
8250,0,20500,10100
82500,0,12200,0
88000,0,81016,0
23000,0,18000,0
8085,19000,1630,20800
6400,0,6000,0
149400,0,82000,0
225000,0,307000,0
96996,0,132519,0
2800,0,34000,0
61000,0,230168,0
1333,0,11847,0
80400,0,54000,0
10755,0,28903,5500
118000,85000,107410,0
114000,0,80000,0
58545,0,77000,0
58420,0,60050,0
123000,5000,149817,0
35000,0,27700,0
152600,0,194000,0
160400,1900,153000,0
145346,1600,232816,0
17700,0,14263,0
64450,0,69500,0
106200,0,95000,0
71500,0,85000,0
62593,0,73194,0
92,0,0,0
23500,0,0,0
7280,16406,3750,0
44610,0,62050,0
22015,0,539,0
7500,0,55186,0
59500,13000,146215,0
49000,0,27000,0
54000,0,58724,0
2300,0,0,0
25000,0,24000,0
38000,8000,45020,0
749000,0,1055000,0
100680,0,119300,0
21015,0,25008,0
173000,16000,242250,0
21020,0,24000,2700
77000,0,54200,0
65000,0,92042,0
45600,0,60878,0
25000,0,57871,0
10960,0,1000,0
5000,0,39000,0
52500,0,98052,42900
76400,0,7100,0
56000,25000,120000,0
166600,0,100100,0
96000,0,134648,0
30000,0,10010,0
57500,0,61000,0
17000,53000,32000,300
32000,5000,50000,0
50000,0,59000,0
74083,0,37600,0
400,0,5500,0
13931,0,1984,0
8500,0,10200,5500
62175,0,145550,0
34150,0,66000,0
59000,0,30000,0
137500,0,184000,2000
7100,0,24000,0
30000,0,22161,0
63706,0,91025,0
0,0,0,0
38800,1500,31000,0
53000,0,55200,0
38000,0,71000,0
60000,0,105500,0
58010,7600,78050,0
62936,0,62900,0
145000,1500,283400,0
20000,0,5,0
28010,0,132026,0
34120,0,83000,0
11000,0,14000,0
256447,2200,89448,45200
121713,0,160000,0
0,0,200,0
31476,9200,32250,0
19000,9762,25150,1200
18000,3300,0,18000
24400,0,6000,0
42500,0,70000,0
0,0,150,0
40540,0,0,0
43800,0,43200,0
0,0,39056,0
32000,34500,130000,0
30000,0,37000,0
0,32000,9300,40000
13855,5000,500,5500
13200,0,23149,0
200000,9400,245000,0
2000,0,8300,0
32337,0,148740,7750
428553,11360,299723,0
5282,0,3798,0
85380,1400,140040,0
47800,0,36750,0
45000,0,24700,0
7360,0,1000,0
89946,9082,71636,0
62326,0,75726,0
45350,0,111000,0
32000,0,2650,0
48500,0,36036,0
48736,0,28028,7300
77000,0,67000,0
54000,8000,53850,0
30160,0,15830,0
4200,0,0,0
87500,0,83400,0
73200,31000,137130,0
59000,0,105080,0
8500,0,800,0
62210,0,86046,1100
67000,0,116000,0
57000,0,11100,0
40000,0,60000,0
58075,5160,41300,0
4800,0,2500,0
17800,33800,25000,0
24000,0,48000,0
54500,0,48000,0
14000,0,20000,0
65000,616,73000,20757
75,0,0,0
113000,2000,82000,0
128500,0,212000,5000
66700,0,78752,0
80000,0,112000,0
50500,0,96252,0
45951,0,63124,0
19700,0,4440,0
47266,0,54648,0
2154,0,1852,0
15500,0,19000,0
9500,5000,20000,0
42000,0,45250,0
55000,1200,32023,2000
26000,0,54200,0
54000,0,66000,0
37600,0,49500,0
18200,0,20000,0
48000,0,39500,7600
30000,0,1500,5500
8000,0,4000,7600
92250,0,127500,400
480000,0,650,0
65118,0,84252,5115
576,0,40,0
36000,0,45800,0
14000,0,25800,0
70000,0,52200,0
0,0,0,0
15000,0,10040,0
3940,0,5150,0
133334,4352,124808,0
43000,100,68200,1450
19800,0,14500,0
8593,0,42650,0
22200,0,24660,0
12000,0,19000,0
107393,0,150835,0
9000,0,89300,0
33000,0,54000,5700
15000,0,25000,16600
69000,0,47000,0
35000,0,160252,0
0,5000,0,0
135460,0,135004,4000
0,0,0,0
400,0,1100,0
37803,0,37664,0
96010,0,65000,0
88000,0,108000,0
153000,0,158000,0
34000,0,48000,0
122241,31000,112650,0
90230,0,90030,0
37800,20000,48950,0
0,0,32000,0
121600,0,48090,0
43000,0,85000,0
79400,0,64855,0
11400,0,81236,0
1391,0,30,0
53200,0,70200,0
81658,0,75627,2730
90000,0,111500,0
11400,0,7901,0
114400,0,145000,0
31075,0,33300,0
250,0,650,0
45000,0,58000,0
8100,0,125429,6000
280800,0,400000,0
63073,0,10740,0
102450,0,138300,0
125000,0,200000,8000
0,7000,20,0
3000,0,55000,0
65146,5500,91730,0
207000,0,122000,0
7240,0,30020,0
110000,0,105396,0
342600,0,185000,0
72000,0,139500,0
65925,0,62520,0
128650,0,125045,0
57000,0,77000,0
36000,0,800,0
111250,0,49076,0
50050,0,53620,0
55750,0,99000,0
42000,0,59083,61000
14400,0,0,0
116500,7600,167200,0
0,0,17130,0
29000,0,24090,250
87493,0,131825,10
58000,0,36800,0
0,0,0,0
122000,824,132022,27600
37932,0,34000,0
65470,0,78100,0
0,0,30800,0
4200,5000,2500,5500
74030,1000,78000,0
74000,0,92000,0
4332,0,42500,6000
0,0,48000,0
36000,0,51000,0
76000,20200,90252,13100
66000,0,56000,0
400,0,2250,0
36010,0,35000,25000
66843,17699,80086,5072
47688,0,46700,0
80000,0,76000,0
58500,0,60000,0
20716,0,59900,0
11400,26976,11096,27236
43532,8473,55874,0
300,0,150,0
300000,2000,252000,0
123000,0,108054,0
395000,0,551000,5600
148000,0,259500,0
7200,5000,0,23963
1060000,0,1065000,1800
0,0,0,0
240900,0,410300,0
18000,40000,23500,0
54100,16300,32100,0
86600,0,101626,2500
60000,0,80100,0
74000,320,99036,0
0,0,0,0
64000,0,68800,0
94000,0,157228,0
10350,16640,0,0
229000,3640,591000,0
25547,0,28000,0
68800,20000,92300,0
9000,5000,12022,280
5162,0,1974,0
33900,0,42053,0
4593,0,10992,0
87000,3800,116800,6000
47000,0,24000,0
4418,0,22000,0
53000,0,99300,0
545181,0,60000,0
232000,0,168000,8000
0,0,0,0
33000,0,39035,0
34000,0,53000,0
0,0,0,0
75000,0,132363,0
54300,0,73955,0
10020,0,15002,0
93000,5000,96000,0
800,0,0,11020
18700,32000,4000,45000
67000,2450,107500,30000
16000,32432,12000,0
15000,0,4700,0
58400,0,74120,0
89550,0,99900,75
9148,0,3000,0
58500,0,65500,0
86100,0,113300,0
25702,0,3000,0
45,0,1300,0
32000,0,47600,0
157000,0,227000,0
35000,0,67000,0
31050,0,40800,0
64100,0,231504,0
56000,0,73000,1500
58000,0,101000,0
240,16820,2000,17100
76000,0,1075,0
46000,7000,39300,0
0,0,120,0
110000,657,91000,38900
112200,0,85300,0
88100,0,80998,0
94000,0,153000,2500
18100,0,550,0
155219,0,507000,0
0,0,0,0
37000,0,47278,0
25200,5000,25943,0
12666,0,7080,0
26240,0,33607,0
56200,0,68076,0
0,0,0,0
128000,0,147714,0
30000,8200,0,11000
72000,0,77248,0
420500,0,810500,0
330000,5600,166030,5500
80300,4400,89050,0
187000,50000,140000,0
120500,0,355000,27500
62000,0,35000,0
83000,0,217400,0
39000,0,127600,0
482023,0,5003,0
12100,0,40200,0
56900,5000,149124,3000
44000,0,63000,18200
60000,0,40000,0
95000,2000,370010,4000
2000,0,1200,0
132800,12000,103700,100000
1193,0,650,0
15500,0,29822,0
150500,0,18000,0
161000,0,193500,0
117900,0,177700,0
93200,0,7302,0
125300,0,151080,600
20000,0,28000,0
402000,0,340000,0
63000,25000,10500,7600
7390,0,1200,0
1243,0,650,0
96905,0,122200,0
170100,0,95170,11000
112800,0,100252,0
79700,0,54000,0
1593,0,500,0
154400,5300,208000,0
266000,0,2500,0
12070,0,0,0
107700,0,55000,0
251400,0,181098,2000
41300,0,500,0
58000,0,80000,0
45000,0,80820,0
33160,0,48000,0
90591,9234,83526,600
63100,5000,90050,0
22920,80800,74679,0
37000,0,104002,0
15000,0,10000,0
60000,0,77000,0
40300,0,137000,0
15400,0,30900,0
97000,0,90652,0
16070,0,83500,0
60000,6000,72600,0
58473,0,40000,0
9000,0,8000,0
32222,0,59997,0
17400,7000,65675,0
47300,0,87000,0
82600,0,146850,1600
137020,0,178506,0
54500,0,133260,0
43000,0,66497,0
60800,0,36097,0
50570,0,40830,0
0,0,7000,0
63700,0,197362,0
88000,5700,107200,25000
57200,8000,51600,7000
64300,0,68000,9960
6500,0,5150,0
49300,0,59040,0
51400,0,50020,1600
38380,0,49000,0
56000,0,67000,0
66400,0,83040,0
65000,0,94020,0
50000,0,700,0
15000,0,39000,0
100000,0,77900,0
18000,0,30000,0
30160,0,32000,0
69700,600,101000,600
232193,0,204800,5500
49760,0,21078,0
33000,0,33000,0
61969,0,54500,0
46150,0,220,600
30762,0,235202,0
38000,3300,0,5500
52000,0,50500,0
35000,7000,42000,4860
66000,1000,82700,10460
1770,0,1944,0
150393,0,245700,0
46000,0,49300,400
62690,0,99000,0
29339,0,53100,0
50900,0,50000,0
55000,0,47000,0
15000,0,199768,0
60025,0,90006,0
109100,0,67000,0
400,0,650,0
242900,0,263600,27300
75690,2340,121100,0
31500,65000,36200,80000
75765,0,110000,4000
57000,0,76000,4400
45800,0,2660,0
68000,0,83200,0
227500,0,260000,0
248300,0,175000,0
50000,0,167000,0
0,0,9600,0
13000,0,14600,0
56180,6000,135800,89450
63655,0,44128,0
130000,0,158000,0
72000,0,500,0
46400,7000,50150,21000
23800,0,54000,0
85650,0,155955,0
3000,0,3400,0
87144,0,23600,13100
128900,0,38424,0
0,0,0,0
0,0,0,0
0,0,0,0
25000,0,4000,9159
70000,0,36700,5500
60000,0,38000,0
26000,0,29000,5500
1000,0,100,0
6086,0,243,0
39360,0,68506,0
28038,0,53020,0
25410,0,96000,0
81800,0,81700,0
14275,0,12350,0
14450,0,20400,0
80620,800,98748,12157
48590,0,87110,14000
22500,0,106100,0
185000,20000,123828,0
125000,0,123000,0
188370,0,750240,0
14050,0,265948,0
125600,0,260500,0
0,0,0,0
25000,5760,31000,0
96000,5000,40000,0
18500,0,37500,0
14000,0,21500,0
20784,5000,25000,5500
28000,0,30000,0
37300,0,60000,0
19000,10000,25000,0
26000,0,30000,0
0,27464,0,0
33000,2880,43000,5500
19000,0,0,2000
0,0,0,7600
15400,0,20563,0
36193,0,34308,0
81300,0,102000,300
68880,7000,60500,0
16000,0,0,0
64500,0,101000,0
0,2000,32,0
122000,2700,169050,4000
115500,0,120464,0
26400,0,37500,0
97400,0,78416,0
50230,40000,100100,0
1593,0,5000,0
0,5000,0,0
21000,0,0,0
20000,0,13000,0
65000,0,77252,0
0,0,0,0
74880,0,127500,0
20000,0,29000,5500
50000,0,77100,0
1593,0,0,0
83039,5500,81000,0
157290,4100,310730,6000
45800,0,108800,0
40000,0,16000,0
90000,0,27000,5000
24618,0,43000,0
23000,0,0,0
700,0,0,0
71000,3500,5000,0
98000,0,197500,0
24000,0,24000,0
58000,0,102100,0
4840,0,0,0
77600,0,97120,0
62000,0,59000,0
33075,0,101150,0
93750,0,142000,0
54110,0,62566,0
4591,0,36,0
64640,2000,189200,0
98000,0,150988,0
39000,0,50200,0
98660,0,137010,0
65869,0,58000,0
30200,26000,70200,0
4800,0,643000,5000
0,0,0,0
500,0,604,0
119400,1950,80250,2700
127525,0,211500,0
8500,0,9000,0
66098,3956,165664,5159
61600,0,105593,0
120000,0,201600,3100
0,0,0,0
17000,14600,16000,18600
25135,7796,13000,0
51801,0,74074,7600
76800,0,50000,0
17000,0,38000,0
25000,0,41200,0
49000,529,112000,20263
100000,1100,105000,11000
41350,0,52500,0
90600,0,110800,0
42000,0,78000,0
59000,0,69000,0
46500,0,3935,0
60188,0,51252,0
67000,0,103657,0
0,0,5400,0
24000,0,16346,0
70000,0,62120,0
41000,10000,8900,0
48016,1500,61267,8500
25650,0,29840,0
30000,0,37000,0
75000,0,295352,0
102000,0,146100,11257
8500,0,34100,0
10000,0,25492,0
16000,0,63300,0
152000,15760,114608,0
29200,0,29000,0
81100,0,108000,0
43500,0,63010,0
36000,12120,22000,0
52160,0,63500,0
22073,0,29200,0
3328,28000,0,11000
108000,0,144000,0
70400,0,82000,0
36000,0,0,5500
46000,0,35040,0
74450,0,80460,0
181500,0,190000,0
83000,0,193000,0
88950,31200,132000,5500
90000,0,163070,0
187400,0,181500,0
60100,0,145000,0
4587,0,14000,0
43200,0,60000,0
0,0,800,0
4000,0,0,0
80500,0,105200,0
60030,0,86916,0
0,0,750,0
24060,0,26320,600
66000,6832,206000,40552
18500,0,10673,0
45400,0,8000,0
12000,0,13000,0
70000,0,33000,0
28000,0,24000,13000
39024,0,37000,0
90000,16500,50000,0
114500,16780,117300,0
20000,0,27000,8520
375,0,200,19200
47000,11700,60000,0
18416,2500,31000,5300
133300,50,262500,0
73000,0,40600,0
34000,19000,48000,0
98048,0,341216,0
59000,3000,75358,0
24000,0,40000,0
40000,7000,35000,0
67300,0,67000,0
169800,0,170186,0
10000,0,41000,0
27020,0,59100,0
70000,0,99000,0
10320,0,0,0
57100,0,94100,41200
16000,0,24200,22000
11000,0,0,0
13000,0,5800,1800
42000,0,128000,0
5491,0,24000,0
4000,0,3000,5500
27000,0,36700,0
26000,24000,0,49920
67000,2880,50000,0
45500,0,975,0
98000,800,95300,5000
78000,0,85000,1500
87000,0,98800,0
13800,0,11000,0
92000,0,120050,100600
46200,10000,59931,0
53600,0,53400,0
24000,0,120000,0
65000,6500,76100,0
-13000,0,0,0
9600,0,8111,0
42745,0,44000,0
93314,0,108000,0
37180,0,48150,0
17000,0,0,0
38000,1200,1000,0
10079,0,0,5000
24000,0,23000,6700
23000,0,80150,0
20000,22000,0,0
79400,0,20000,0
175000,0,389000,0
167200,27000,7200,0
0,5000,2000,0
18070,0,25000,0
8993,0,7850,0
45100,0,73100,0
37093,0,103036,0
56593,0,60050,0
6500,0,30750,0
92500,3250,91000,0
1200,0,1000,0
36000,0,1400,0
95100,0,235070,700
36000,0,48010,0
50000,0,12000,0
90600,0,56200,0
5938,0,1100,0
40000,3400,176000,0
45060,0,54050,0
30040,0,15100,0
190000,7600,205000,0
95200,0,125000,0
31161,0,26000,0
128000,0,107500,0
83900,0,99800,0
27773,0,38000,13000
67200,0,90200,8000
8680,0,43500,0
32000,12000,41000,0
0,0,0,0
99950,0,161000,5500
83498,0,160000,0
31740,0,45000,0
11150,5000,5000,0
14000,0,50500,0
0,0,60,0
25800,3400,33000,15100
145040,0,0,11000
92000,0,154076,12000
9876,0,11000,0
79700,0,34410,0
45000,45460,86000,0
30000,18545,40000,0
19000,0,46000,0
15766,0,42000,0
10244,0,1500,0
29560,0,52000,0
53160,0,39250,3500
9000,0,5350,200
1193,5000,368,5500
6058,0,6356,0
86000,0,52108,0
60000,30000,48000,0
72357,0,59759,0
14700,14000,19500,24000
3384,0,9240,0
16000,0,28500,0
41000,0,48000,0
49299,0,65000,0
40000,0,61500,0
0,0,0,0
90400,0,75000,0
55100,0,117316,0
34500,0,48000,0
76000,0,96000,0
96025,0,120020,0
59000,0,73210,0
34875,0,50000,0
60882,0,81000,8000
26,0,300,0
69753,790,78776,13100
56000,0,60000,18900
32500,0,44024,0
74623,0,65445,0
45500,0,31150,0
17000,0,52700,0
42000,0,81500,0
10000,0,0,0
54000,7000,76000,5500
56000,3000,72500,0
31525,0,62000,0
0,0,0,0
111000,0,197000,0
85700,2000,405200,2000
94320,0,104800,0
182600,17600,20200,0
54144,0,140252,0
325270,600,42000,0
723037,0,120000,0
100025,0,105175,0
150400,0,310000,2600
50000,0,3000,0
88000,0,124000,250
34800,5000,52600,6000
94800,0,131350,0
32000,0,94621,0
107400,0,201200,1500
121393,0,0,0
32000,0,86500,0
30200,0,47000,0
25400,0,36000,0
47000,12000,86810,28080
35422,9000,16878,40981
35000,0,10,5500
21000,5000,13507,0
0,0,19000,0
51000,0,52131,0
35000,0,0,0
24000,0,33000,0
57440,0,60500,3800
108560,6000,92200,0
100200,0,137400,0
52160,0,95000,0
33400,0,23000,0
65000,0,110000,0
26000,0,70000,0
0,0,0,0
124766,0,386700,0
6800,0,48000,0
90600,0,36848,0
1643,0,9156,0
23000,0,34000,0
40000,0,26000,0
69889,0,68042,5500
84506,0,50252,0
57500,0,41600,0
103023,0,120060,0
64025,0,118252,0
68200,0,100090,0
36500,24000,32000,0
39200,0,45000,35000
64635,0,165300,5500
93575,0,111300,1200
55000,0,88100,0
119600,2070,150562,30280
15,0,650,0
0,0,300,0
124500,2200,203000,0
31013,0,81600,0
192000,0,415000,0
98300,1400,134200,14757
53415,2400,72092,18500
62000,0,70000,300
38250,0,33073,0
120000,20000,135200,20000
0,0,0,0
9000,0,30000,0
60000,0,75000,0
48000,0,131000,0
1593,0,1252,0
99020,0,110300,0
8200,0,5800,0
81000,0,140100,5500
25000,0,4500,0
48000,0,115300,0
36000,0,0,0
0,0,0,0
46500,0,57000,0
400,0,650,0
109852,0,80200,0
0,0,1000,0
6006,0,34036,0
31500,0,49035,7600
58000,0,55100,0
60070,0,34006,0
61900,0,70000,0
29250,5800,41202,0
12300,0,10000,0
52000,19200,60000,40000
78799,0,92352,5646
12000,0,0,0
87000,0,50000,0
45000,0,49500,0
0,0,1920,0
20000,0,43000,0
79090,0,124000,0
-3204,0,268,0
83175,0,137234,0
82063,54000,98036,0
42593,0,97218,0
56000,0,32000,0
140000,0,78580,1500
51193,0,77639,0
74000,0,103576,0
24000,1498,30000,5500
79000,2300,87000,10000
1593,0,5650,0
74000,0,107000,0
12000,0,885,0
69000,0,52100,0
32000,41497,51500,18000
80000,28000,102000,0
23000,17000,101000,0
33000,0,61000,0
56000,0,60000,0
74000,0,92000,0
35000,0,73432,0
51962,0,72152,0
70000,0,85100,0
15,0,15,0
158020,0,20000,0
34036,9128,50558,0
44900,24100,53800,0
52300,0,72000,0
33000,300,57360,0
1593,0,650,0
0,0,0,0
43559,0,47907,0
90000,0,72000,0
91800,0,150000,0
42010,0,53431,9207
36200,0,61150,0
8500,0,30000,0
99500,0,85012,0
0,0,5548,0
12000,0,22000,0
30160,0,34000,0
108200,0,150,0
81600,1000,55152,0
61000,0,66740,0
60796,2000,73409,11257
70000,10000,63500,0
20000,0,39404,0
83500,0,93695,0
24000,0,19000,0
1200,0,0,0
82000,0,96090,0
295100,7200,87063,0
107000,0,90000,7600
17000,0,23000,0
28000,0,82000,0
60040,24000,110050,0
68100,0,90000,0
37040,0,21000,0
39000,0,59000,0
53100,11000,62450,0
79718,0,68100,0
37700,0,40000,0
33600,0,109800,0
28070,0,72789,0
119000,18000,314600,0
62693,0,67400,0
277752,38890,108720,23000
48900,0,60528,0
74600,5000,200700,0
66080,0,42276,0
72800,0,49500,700
48350,0,226050,0
32000,42739,67439,44000
87958,16422,151046,59654
23000,0,46000,0
67500,0,120500,0
41300,0,46400,0
142900,0,203600,0
41056,0,44450,0
34000,0,38000,0
140000,2000,159700,0
19000,0,42000,0
345000,0,295000,0
228000,0,302000,0
122700,750,203000,6600
93012,0,135000,0
82500,0,104000,0
29000,5000,4800,0
42085,0,51500,0
27400,42000,48300,0
22000,0,19815,0
19000,0,24700,0
3000,0,3200,0
15350,0,16000,0
76000,0,63000,0
84000,0,18300,0
23000,0,12648,0
127000,0,80100,0
18200,0,123356,0
39083,0,8823,0
13000,0,4500,0
75400,0,114048,0
15200,0,16000,0
75300,0,110000,0
0,0,0,0
650,0,0,0
0,0,0,0
33500,0,46000,3000
220,0,49,0
138150,12000,213200,2000
34000,0,43000,0
19000,0,27000,0
44743,0,78179,14140
62000,0,90900,0
0,0,0,0
8500,16000,16000,11000
41000,0,60000,0
59500,0,147000,0
54000,0,237950,0
8793,0,8858,0
2540,0,1750,0
25000,40000,25000,0
1800,5000,300,0
12000,0,60000,0
51500,0,18000,0
48050,0,43150,0
31200,0,71920,0
120000,0,120000,7200
206300,0,238100,0
93400,0,123000,0
0,14479,0,0
28000,0,43150,0
50600,12000,58107,0
40000,0,24450,0
102000,0,28900,5000
38000,0,65069,0
51000,8000,54500,0
30000,0,47000,5500
33850,0,74500,0
41900,0,12488,0
15274,0,46000,0
9000,0,51000,0
29500,0,32000,0
44500,0,130000,0
28000,0,10670,0
45300,0,109000,0
73045,0,90100,0
34020,0,84000,0
53484,0,143050,0
19000,0,36000,0
93568,0,67200,0
0,49040,2300,0
63007,0,92760,0
0,0,6000,1000
20000,0,25000,0
3900,0,18000,0
0,40000,7804,5500
22000,0,28240,0
0,0,0,5500
55112,0,69403,0
46000,0,32000,0
82100,0,161200,9000
38570,0,52010,35756
18000,0,18000,0
114140,43,134640,4000
111000,29500,51000,20000
136200,19000,160500,0
51100,0,46360,0
3000,0,0,0
102160,0,124000,11500
30830,7540,35499,3600
187800,25000,18200,0
33365,5500,54000,0
69000,0,75430,0
80040,0,186725,0
0,0,0,0
113,0,16,0
34900,989,35000,18500
17000,0,36000,0
84250,3300,91830,0
0,0,0,0
38758,0,43965,0
23000,26000,0,0
25000,0,37900,0
3000,2000,13600,0
11500,0,13000,0
105000,5000,156280,0
117700,6500,214886,5500
21000,36000,26100,31500
47260,0,47000,0
68100,0,83307,0
69020,0,72050,0
70150,0,72441,0
26200,0,42252,0
16750,0,0,0
31500,7000,40000,0
0,5000,0,0
12000,0,0,0
8690,0,32000,0
6000,17000,0,0
66000,0,61060,0
23000,0,63450,0
6293,0,8320,0
123331,0,97900,250
72500,0,88500,0
77802,0,30000,0
97020,0,149564,0
283,0,194,0
16000,600,10000,0
47000,14000,46000,0
25700,0,39000,0
75500,3280,166087,19000
40000,0,49000,0
43000,0,52200,0
5000,0,45000,0
3000,0,37700,0
95200,0,106200,0
174131,0,90000,0
81900,0,80000,0
57000,0,86000,0
66800,0,15400,0
28000,0,0,0
68000,5000,40000,0
16000,0,9000,0
35750,0,5000,0
32000,0,42000,0
45000,0,61000,0
23000,0,32000,0
42500,0,20000,0
17300,40000,18825,0
85560,0,93600,0
48200,900,77500,23000
75400,36250,99054,62500
53000,0,52967,0
0,0,150,0
89283,5100,102800,46000
58000,0,74000,0
0,0,150,0
100800,0,300000,0
127000,0,100500,600
64016,0,27850,0
5000,0,100020,0
46000,0,69000,0
74920,12000,79850,0
129000,0,175500,52000
59000,0,65000,0
0,0,0,0
18000,36000,36500,12000
30895,0,35000,0
90100,500,30500,18000
61000,35000,137000,1000
130000,1000,200500,0
190500,0,111000,10000
12937,0,21100,0
15238,0,26891,0
1488,0,12,0
176620,5000,7300,0
94140,10560,96016,6500
64000,0,88000,0
4200,0,400,0
69062,0,100116,0
54260,17000,60916,0
66200,0,91300,0
46080,0,57800,0
82000,5000,89176,0
76002,720,76226,0
400,0,2700,0
122200,3800,69800,0
62000,0,52000,0
32500,0,64000,0
106100,0,171150,0
68520,0,93388,0
46823,0,35000,0
36576,0,48118,0
38515,174,65354,750
60000,0,118800,0
70000,0,150000,0
54874,0,74000,0
41739,0,40355,0
37000,0,63700,0
0,0,4000,0
50800,0,60000,0
118000,0,89252,0
68000,0,95000,0
8800,0,8800,0
4700,0,10500,0
189500,0,213000,9500
50000,0,120200,0
32000,0,250200,0
245000,0,195650,0
211700,0,132900,0
3500,0,252,0
105606,0,343389,0
15734,0,9499,0
19000,0,61030,0
24975,0,30000,0
2500,0,0,0
12222,0,40000,5500
54250,0,6000,0
73629,0,73193,0
32070,0,53830,2000
3500,0,26800,0
400,0,84150,0
31669,0,41500,27000
132500,39129,119374,20500
70200,0,75600,0
34300,0,35600,0
6761,0,17624,0
42000,16000,63300,0
50600,15600,111450,0
26100,0,82000,0
29100,30625,37962,33280
1200,0,0,0
23000,0,56376,0
36500,0,25920,0
89500,0,113050,0
65650,0,67600,0
120000,0,3300,0
119200,0,134150,0
20000,0,17800,0
2723,0,4700,0
91025,6000,126900,0
70133,22000,82726,0
22624,0,68020,0
23920,0,47000,0
5000,0,48000,0
130100,27750,231500,12000
73525,0,93036,0
23000,0,33000,0
12000,0,36000,0
82000,10277,86000,10200
120700,5000,91000,0
62325,0,53000,0
40700,0,91000,0
1020,0,0,0
30000,4200,46600,0
50400,0,34600,0
28900,16500,11196,0
8755,0,64200,10500
73800,0,73600,0
30,0,14,0
91000,0,48866,33000
66497,0,86600,12500
240500,3000,359000,0
70000,0,33500,0
56000,0,86000,0
141500,0,93046,0
63100,0,67120,0
32000,0,73076,0
14000,0,18000,0
35000,20000,55000,0
19800,0,54000,0
51000,0,62121,0
52160,0,90000,0
6220,0,35030,0
35000,0,25000,0
10000,0,0,5500
68000,0,70000,0
33100,0,93000,0
36000,0,32050,0
30742,0,30468,0
25040,0,49050,0
47000,0,112293,0
0,0,0,0
0,0,0,0
367600,1500,71000,9000
0,0,500,0
55000,200,66200,1500
22000,0,51300,0
60585,0,104000,0
0,5000,0,0
71000,4000,84000,0
21600,0,0,0
57000,0,67000,0
12000,0,21000,5500
19000,0,0,13100
55000,0,94000,0
8628,0,16400,13875
40832,0,29000,0
3532,0,1266,0
134600,0,701226,0
15050,31000,192100,0
27000,41600,21500,40000
119000,0,97000,12000
155000,38300,162400,0
5250,0,0,0
87000,0,99000,0
60000,35100,55000,0
33000,0,17768,0
30500,0,19500,0
103000,17000,91000,18500
74000,0,77540,0
46000,0,74000,0
26000,0,50300,300
26800,0,39100,0
44400,26000,65500,16000
30000,0,33005,0
51600,0,63200,0
77360,0,76500,0
67500,20000,67000,30000
6593,0,0,0
33668,0,27000,0
40000,0,37000,0
14000,13480,5000,0
8000,0,7221,0
0,0,0,0
110000,0,86000,0
63639,0,123768,0
3400,0,100,0
30200,0,6150,0
131800,0,135600,0
28000,60,61000,2000
1050,0,0,0
12000,0,19200,0
8300,0,14550,0
0,0,0,0
54000,0,71000,0
76050,0,135252,0
0,0,0,0
21954,0,23000,0
49000,0,90000,0
73000,0,128700,0
65000,9600,55109,13100
7100,0,28550,0
0,0,3600,0
15600,5000,40000,0
181200,0,100,0
85000,0,291200,0
85000,0,132200,0
30160,0,0,0
28125,0,20205,0
13800,0,8000,0
87000,0,40400,0
25168,0,13000,0
12500,0,0,0
32092,0,53800,0
89617,0,99120,0
122800,0,65500,0
130000,0,193100,0
92460,0,33000,0
37000,0,10860,0
4203,0,14633,0
18400,5200,51000,18520
40040,0,45250,0
103000,0,55000,0
42000,0,100000,0
37000,0,35700,0
65750,1400,54000,2100
74400,0,91000,8275
0,0,0,0
42100,0,55100,8000
43500,0,23332,0
45300,0,28000,0
70000,8000,102800,0
127755,0,82548,0
1915,0,123000,0
17700,14400,49300,0
53000,0,89763,0
82104,0,106334,0
80000,0,140000,0
59000,800,120000,12000
0,5000,0,0
26500,4000,33400,11000
13000,0,26000,0
23000,0,23500,6000
13000,0,13000,16500
85742,0,149000,0
2893,433,0,0
620000,0,173304,0
18000,0,8030,22000
42000,0,56000,0
24000,13500,21030,0
28300,0,56000,5500
53100,0,86336,0
33000,36000,32000,0
16300,5000,38543,0
10000,0,8000,0
52000,25000,348800,0
2000,0,120,0
75200,0,85490,0
37730,0,55775,40000
85300,0,120005,0
80240,0,143500,0
8000,0,11000,0
9000,0,28600,5500
82000,5000,72000,35000
78400,0,94250,0
74500,69000,92000,0
37300,0,42000,0
120100,0,130200,0
48000,0,18020,0
0,0,4500,0
0,0,35000,0
10000,17480,12500,0
37000,0,28000,0
14720,0,11000,0
9400,0,17150,0
29376,0,61000,0
13100,0,16000,0
24000,0,59416,2000
26000,0,25400,6000
41000,0,39000,0
0,0,0,0
44020,0,17100,0
15300,0,15000,0
48000,0,69404,0
72000,25500,143000,7600
28080,42000,34070,33000
56000,0,92526,0
30160,0,57350,0
43400,0,46000,11500
0,5000,0,0
48300,0,45000,0
75000,5000,92300,38000
37000,27000,0,11000
9000,20000,38000,0
17000,18520,0,23700
99300,1500,113300,100
10820,0,51300,0
58000,23920,49620,0
16000,0,10400,0
81152,0,185610,0
44000,0,83750,500
16800,0,32000,36500
42760,0,50500,0
120000,0,187000,0
60300,18000,26000,0
22156,0,9000,35910
126150,0,122390,0
16000,0,46000,0
45400,0,75000,2000
17000,18720,0,5500
7500,0,0,0
32000,32333,34000,22000
140000,0,80000,55000
18400,0,6000,0
26900,0,17000,8968
70000,0,98100,0
23058,17616,52000,11000
30000,0,53000,0
32000,66000,28000,11000
27000,0,32000,0
21000,0,18704,0
273500,0,216700,0
75000,0,133050,720
40050,0,8280,0
28435,0,25000,0
12000,19000,12000,11000
92000,0,155000,0
12545,0,41000,18000
29000,0,13000,0
70000,0,272252,0
14940,22000,63000,0
78300,0,70500,0
96200,0,180650,0
41040,2000,61000,3000
23493,0,68157,0
61500,2800,35000,44000
74000,0,95000,0
0,0,1500,0
41000,0,82060,27000
27440,13000,32000,16500
164566,0,75000,0
40000,0,33017,0
31000,15000,10000,5500
20000,0,34300,0
42000,15994,26000,5500
98140,0,135000,0
20000,5000,35000,0
48200,0,78200,0
0,5000,0,5500
158500,0,233150,0
14918,21193,38000,22000
23400,0,24000,0
25000,0,21000,24960
0,0,26500,0
38000,0,78000,0
28249,20000,32000,0
72014,0,60752,0
80000,30000,101800,0
100500,0,146500,2000
62000,0,58100,0
88080,0,111000,0
0,0,0,0
65000,0,190274,0
27948,0,38280,0
14900,0,19200,0
32000,19500,11370,0
29500,0,80500,0
50600,0,70329,0
65000,0,35000,0
36000,0,71571,5800
54200,5000,77240,0
28000,0,84204,0
60000,126418,107000,100009
16000,14000,17625,5500
50000,98000,41000,90000
52083,2340,60252,7600
62000,12000,60000,5500
63600,3000,105200,12000
350,21500,55500,30500
19500,0,21000,0
40000,0,57000,0
40000,0,53500,0
49000,0,50000,3500
2800,0,42000,4200
6000,0,25000,0
56400,0,64000,0
54520,71000,66000,40500
13000,0,50000,0
56493,0,102000,0
20000,2080,25500,43000
18000,0,91040,0
46600,2000,269000,0
0,12000,0,0
42000,0,54000,0
13500,0,27206,0
28000,5000,0,0
17000,0,15000,0
0,20000,25731,0
18000,0,21500,0
10500,0,6500,7000
30160,0,1000,5500
0,0,0,0
19000,0,18000,12000
17108,0,20760,11000
29100,0,30000,0
0,0,31500,0
11150,3000,23067,5500
23000,0,31900,2000
29000,0,59000,5200
39000,9000,45471,38975
3200,1000,7000,11000
95098,0,100620,0
80600,0,96000,0
9600,0,39000,0
400,30993,0,5500
38000,0,55000,0
7000,20000,35000,0
17000,0,86939,0
8800,15000,32000,14500
4000,0,0,0
20000,0,38000,10000
18930,0,3000,0
44000,0,60969,0
5400,0,64500,0
2000,0,33000,0
15500,0,42545,10500
93600,0,141000,25000
13000,0,20000,0
18500,0,42500,5000
23000,185,81000,0
19600,0,29000,0
14000,0,29000,0
18000,0,40400,0
16000,5000,18000,0
38800,0,59000,0
36000,0,50000,1000
27384,0,53500,0
0,0,35587,0
3122,0,29391,0
0,5000,14400,0
28000,0,32000,0
47000,0,69000,0
29000,0,38000,5000
137000,0,96183,0
24125,0,28000,0
40400,0,50012,45000
32000,137000,5000,2000
8000,0,20000,5500
29000,0,35000,11300
18977,5000,12000,0
0,0,0,0
10000,0,10700,0
14800,0,14000,0
15500,0,25000,0
35000,0,24000,0
6653,0,3500,0
10500,10800,18000,0
11600,0,46000,0
25000,0,63000,19700
31550,0,66000,0
26000,18200,28000,0
33000,0,32000,0
52436,20000,16000,0
28000,0,77000,0
42988,5000,150,5500
130000,0,166000,0
0,0,0,0
20401,0,23000,0
26000,500,6000,0
43000,10000,57000,5500
19000,0,0,0
19000,40945,22000,0
0,0,46000,0
50000,0,50400,0
13000,0,17000,13100
0,74720,0,16500
80000,0,106000,0
49600,0,210000,0
8000,0,34000,0
0,0,0,0
40694,7980,29000,36500
0,0,0,0
0,0,0,0
117678,0,387800,175
33450,29400,16000,0
45000,4000,74000,0
36000,0,50700,0
38400,0,46600,24000
80200,0,147800,0
151000,0,154000,0
33000,0,98000,0
19660,18600,34600,52000
56000,0,95716,0
0,69000,0,0
75000,51000,152900,0
98000,0,135800,0
50000,0,83500,7400
23863,0,36642,0
89000,87500,106150,85000
0,22000,0,0
25000,0,92044,9000
2400,0,0,0
65923,0,28000,0
11736,0,26650,0
34000,0,55251,0
47000,0,55000,0
168000,0,166120,0
30000,30000,35000,9600
26000,42000,20000,17240
93000,9238,185000,5500
53000,21000,35000,0
36500,0,114320,0
27447,0,27001,0
0,0,0,0
30050,0,50050,0
9000,0,11000,11000
39400,33280,21005,0
21000,0,22000,0
9200,0,21000,0
22000,0,31200,0
51000,83800,63000,0
27000,0,16000,0
49000,17000,83200,0
12000,0,18000,0
26000,4785,35280,11000
10000,0,41500,5500
36000,0,87320,0
32000,0,40200,0
44600,0,52600,10920
23000,0,82800,0
9000,0,17000,0
221000,0,214500,0
8861,0,12000,0
16698,20000,35052,0
27500,5000,18000,64000
0,1475,0,5500
14000,0,16000,0
6000,0,16000,0
37500,0,62000,0
25200,0,40940,20000
29000,7720,27000,0
14000,0,17000,5500
14000,0,35000,0
22300,0,29600,0
21000,49425,42000,0
12600,0,12000,4000
5827,0,3000,0
20500,3500,22000,0
23000,0,40840,4000
34600,0,58000,0
25000,0,28000,0
20350,0,38200,0
80000,0,74000,0
29600,0,27500,0
34600,0,154000,0
5000,4000,4000,0
24320,0,50800,0
16700,0,26000,0
44000,0,30320,0
32650,37788,22700,5500
52160,7000,60752,7600
55000,0,73600,0
125000,0,301200,0
0,30000,0,0
50000,0,89500,0
8000,0,20935,0
35000,0,29800,0
152465,0,104000,0
30000,18200,56600,13000
29020,0,49000,5500
30600,0,45000,5500
22000,0,42000,0
13000,20000,160,54168
0,10000,39000,5500
44150,0,65150,0
124030,0,135022,0
45760,75120,143100,0
26000,0,74000,0
37000,24000,29500,5500
9000,0,38000,0
2242,10650,10500,0
75000,553,3000,0
3000,0,34000,0
53700,0,178980,0
1500400,13000,34000,35500
12000,0,0,0
80400,0,85248,1000
441000,41200,1069000,0
35300,0,-900,0
0,0,0,0
96600,0,133800,0
38000,0,75000,0
33000,0,62000,0
17000,0,26000,16500
9000,20000,0,0
23000,0,18000,0
6000,0,19000,0
26000,14220,27000,5500
3000,0,0,5500
23070,15000,20000,0
33000,0,39000,0
24000,0,57000,0
8200,0,18000,5500
27000,0,18000,4000
108074,65440,161400,12000
37000,0,51600,0
50000,6400,93500,34210
34800,0,37000,0
30000,5000,50000,31500
70080,0,42000,0
33000,0,52000,0
132500,0,64100,0
13000,0,14000,5500
28200,33200,43000,0
28100,0,69120,0
22400,0,52150,0
36000,0,35000,0
27600,0,64400,0
0,0,40500,0
43000,0,43000,0
17000,0,42666,0
49960,0,60268,26000
63381,0,74000,6000
40710,5000,44000,0
24000,5000,56500,0
30000,0,52840,15500
30000,3000,62980,0
80305,0,60500,0
46037,0,62822,0
16000,10000,23350,27040
277693,0,35000,0
26000,0,39000,0
26364,0,41300,0
33400,0,28000,0
63000,0,102000,7600
6500,0,7000,7500
3000,0,8000,0
12000,10000,15000,7000
31000,3500,56500,25500
15300,15260,43800,0
45000,0,66000,10000
73520,0,60500,0
16000,0,36000,0
25300,0,18000,0
8300,15000,2700,0
4200,0,23900,20000
34000,8000,20452,5500
7000,0,10705,7000
9800,0,10008,0
48000,24000,74520,40000
20000,0,24000,0
11900,3775,35000,10500
37000,30000,26000,400
81000,21680,14000,3000
40000,0,50000,5200
51068,0,69600,9677
50000,3000,26000,0
0,2164,17000,9100
8429,0,1365,0
49000,0,67065,0
11900,0,18269,11000
50000,7000,33000,8840
33685,800,65700,0
67000,6000,59800,27600
6420,0,34000,0
0,6000,3600,5500
12480,0,47800,0
21800,5000,30000,5500
17000,1440,18500,5500
15600,0,32000,13000
0,0,0,11000
0,0,0,7600
3000,0,18000,0
25000,25000,20000,0
58800,600,61500,10500
0,0,0,5500
54812,5000,57800,10600
25000,0,9054,0
36000,24100,41200,0
24500,0,45000,0
47000,17000,23000,10500
52160,0,60500,0
24000,0,10000,3000
65207,0,12000,0
25692,0,17000,0
15000,5000,57493,11000
44000,15996,50000,9000
23545,0,49500,720
0,0,0,0
57060,600,8000,0
18886,0,42000,0
13600,0,18800,0
72000,7840,160000,22100
11500,5277,5100,14560
9650,21000,8480,0
17000,0,17000,0
17000,0,25268,0
0,0,14000,0
11000,0,17000,800
0,0,54000,12000
0,2496,2880,1094
33500,0,21000,0
28096,0,44500,0
62773,0,65401,420
29640,0,57000,0
0,7000,0,5500
0,0,0,0
41700,0,36000,1100
23000,0,10800,0
10000,0,7000,0
3200,0,7000,0
-24000,0,14400,0
20000,5000,10000,0
20000,10000,0,0
27000,1000,30000,0
76000,4650,98300,20000
26000,0,20000,0
3500,3000,1022,1680
11000,0,23800,0
70000,0,57500,0
32500,54000,40368,0
45000,0,50000,1200
200,0,0,0
16000,0,98252,0
69984,433,164752,0
14000,0,20000,0
37000,0,22000,0
19000,0,30000,0
33500,0,0,0
0,0,0,0
0,6840,0,7600
4000,0,34000,0
0,0,0,0
12000,500,16600,0
10500,0,11400,0
21000,4000,33000,0
25000,0,30000,0
76000,12000,93200,0
60000,0,0,0
70000,0,43000,3600
59000,0,67650,0
0,0,800,7020
14000,35000,39000,0
26000,0,35500,0
0,0,0,0
9600,0,28800,3080
3500,0,15000,0
0,0,0,0
21300,5000,36000,0
44000,0,114000,20000
64000,0,90000,0
67500,0,64200,0
26000,18000,63000,0
15305,0,30000,0
30000,0,63000,0
0,0,0,0
30160,0,0,0
26200,0,41500,0
0,0,0,0
47000,0,45000,5500
20000,0,68680,0
116500,5000,199824,5500
52160,0,61620,0
10000,5000,900,11000
36050,0,0,0
12000,0,18770,0
0,0,0,3300
4000,0,7280,0
74000,28000,39000,0
800,0,350,0
0,0,0,0
32000,0,43700,0
16200,0,44052,0
11000,0,16978,0
31668,0,25000,19000
52000,0,38000,2000
44124,0,94114,0
26000,0,72000,0
44000,0,60000,0
58150,0,116100,0
45000,0,28000,0
79500,43000,118700,0
0,5700,0,6600
21000,0,18000,0
40000,0,210,0
50300,0,47000,0
18000,0,20000,0
48250,7540,88000,0
0,5000,5400,9140
63000,0,66011,2200
57000,32000,58988,20600
23000,0,32000,0
17150,0,33500,0
29200,0,32000,5500
65000,0,273900,0
3100,0,20000,0
22000,0,26500,0
7000,0,32900,0
47000,0,6600,0
78500,5000,36000,0
122100,1300,154030,0
6000,0,16000,0
10382,0,0,15600
52160,0,3000,0
0,0,14000,5500
25200,0,36750,3380
24000,0,35000,0
0,0,0,0
17000,0,15624,4000
13000,0,0,0
34000,6100,35045,45000
64000,0,78000,3200
40000,0,52000,0
23000,0,32120,0
36000,0,1200,0
0,0,0,0
22000,0,30000,5000
8000,0,10000,0
25000,22000,22000,5500
28000,17000,26000,0
7800,0,0,5500
36000,5000,9283,12000
85000,0,126033,1032
35000,0,19000,0
16000,5500,6500,5000
42000,0,24200,0
0,0,0,0
19000,0,0,0
12000,8000,5000,0
0,8000,0,20700
6000,5000,6000,0
300,0,0,0
5000,0,5700,0
927,0,1200,0
4600,0,0,0
6000,0,22000,0
40000,0,89000,0
6142,0,0,5500
48000,21000,71000,20000
113264,0,63191,5660
19202,0,60100,0
123000,0,105000,0
28000,0,35140,1200
27399,0,32100,0
0,5000,0,0
200,0,0,0
0,0,0,300
26525,6000,0,0
0,0,0,800
8260,0,26400,0
24000,0,30000,0
0,2320,0,0
16000,0,24000,0
32090,0,8500,18000
8000,0,18222,6400
10000,9339,9000,1079
0,8326,0,5500
47600,300,62500,0
40720,0,11000,0
0,2500,0,9460
0,0,5015,0
60000,5000,10300,0
37000,0,121000,10500
6500,7000,75000,0
56200,0,48481,0
52657,0,60500,5500
45000,0,36250,0
41000,0,52800,1000
58180,5000,80000,41640
0,10000,0,0
4173,0,13000,1100
0,0,0,0
0,0,0,0
2594,5000,11256,5500
60666,5000,124200,0
13000,0,26500,0
17000,0,12000,0
41000,25000,5500,0
13933,0,0,7600
50000,0,35000,0
128000,3000,148000,22000
28000,5000,26000,0
19000,0,47000,0
22000,16000,23000,0
42000,7000,44000,7600
55000,0,122000,0
14000,0,26150,0
70000,0,114000,0
44510,0,42900,9947
24000,0,55000,0
22000,0,33000,0
35000,0,32000,0
37000,42000,29000,0
40,0,12200,28600
73010,0,61000,0
62000,1500,66410,12000
30000,0,35000,0
19320,0,750,0
18140,0,27400,2400
25200,0,22000,0
0,0,0,0
26500,10960,29000,560
57500,3360,57560,0
0,22000,0,23000
45000,0,42500,0
36000,5000,43500,0
13000,828,0,0
80000,0,88030,10000
36100,0,91300,7000
11000,0,23000,12700
0,0,0,0
41000,0,6927,2288
0,0,0,0
92000,13000,78000,12000
35000,0,53535,0
12000,0,19000,0
0,27758,26500,5500
4000,0,34000,0
22000,32000,0,5500
15168,0,17000,0
16640,0,5000,0
7225,0,34000,9600
41000,0,58000,0
0,0,0,0
15000,0,31000,1400
30160,0,11000,0
41000,0,55000,0
20000,0,15500,0
27239,0,26900,5500
14000,0,9075,0
12832,14411,15000,0
0,46150,32000,0
11736,0,34000,0
44600,2000,35000,0
3325,4000,2189,0
21000,15000,31000,3720
12300,0,3000,0
33160,0,88400,0
35005,0,18090,0
0,0,13713,2287
0,0,0,0
20937,0,18000,0
0,0,0,0
15000,0,41000,0
53353,0,101500,0
30675,1800,47000,5500
12000,24000,29200,17500
60400,5000,61060,0
22000,0,28000,0
15140,0,33390,0
58000,11000,39000,4100
23800,0,27760,0
27000,15040,32000,5500
33000,10000,26500,0
0,0,0,0
11512,0,14000,0
58300,0,58000,0
13000,0,34000,0
99000,4000,125000,18245
0,0,0,0
0,0,0,5500
1400,12000,30000,450
0,0,24000,15000
14792,0,2500,0
4800,0,1000,0
11000,18000,13000,0
14250,0,27000,3000
0,0,7000,11000
3733,0,4600,0
9000,10000,0,0
24000,0,16050,0
44000,0,117698,0
46000,0,49050,5500
17000,0,11700,0
16000,0,32350,5700
0,0,0,0
0,10000,22980,0
3600,0,0,0
35000,0,36000,0
2000,0,0,0
39056,0,41602,0
51030,0,65000,0
28000,0,35000,0
28400,0,30000,0
53600,0,58000,5500
38000,0,48000,5000
64700,8350,80150,32500
69000,0,63000,0
0,10400,0,0
0,0,0,0
0,0,3906,0
40000,0,76000,0
0,0,0,0
65800,10000,71300,0
30450,0,22000,0
68000,896,52000,0
26000,0,35000,0
52000,35520,76337,11257
62200,0,28000,0
45000,0,65500,0
24000,0,36600,0
29000,0,24040,0
4000,0,24000,0
18000,0,40000,0
0,0,40000,7600
18000,0,33600,0
106610,0,60000,0
16979,0,9500,5500
3200,0,32020,0
515,0,9083,0
65547,7000,65650,0
50000,700,37000,400
32000,0,30000,0
2000,0,0,0
19000,0,26000,0
11000,0,13000,0
2000,0,22309,0
20000,0,0,0
90200,0,103000,0
15000,0,42000,0
70700,21000,0,0
11000,0,10000,0
25000,464,30000,10000
8000,0,13000,0
22000,0,54500,0
45000,0,46000,7600
51000,0,46000,15000
41000,0,18198,11000
49160,0,59000,5500
52000,0,209000,0
0,0,0,5500
0,0,0,0
12000,0,17000,0
27000,0,3300,0
37160,0,10080,360
0,11640,0,5500
23400,0,3552,0
0,0,0,0
35000,0,33000,0
33000,0,50600,0
0,0,0,0
30160,0,0,19200
30160,0,0,0
49200,0,73000,0
19000,13000,11100,45000
23000,0,25000,5000
24010,0,30000,0
0,5000,0,0
50800,0,65315,0
177000,2100,152448,19000
132000,0,182150,5500
500,0,0,0
21000,0,27000,0
8800,12000,5000,2912
34000,5000,4389,0
30000,0,36000,0
4000,0,7000,15895
48500,0,64000,0
51000,0,63000,0
0,8000,0,20000
45200,0,55150,5500
168373,0,217132,0
33000,12000,36000,11000
46000,0,42000,0
30175,0,60700,0
30000,0,50000,0
35400,0,60000,0
88000,0,82000,0
3500,0,71350,0
70000,0,48000,5500
12000,0,1500,0
20000,0,120,0
0,0,0,0
40000,0,31000,0
35000,0,50400,0
20900,0,43344,0
53000,0,35000,0
64800,80,6500,0
28300,2400,17450,6900
55862,2000,56000,0
74380,0,53158,16100
43500,34000,36000,0
36700,0,31700,0
58990,0,70569,0
52800,0,61000,0
46150,0,73000,0
23500,0,32800,0
42191,0,47000,0
20740,0,81030,0
12000,0,34686,0
13000,0,13500,15100
65000,5000,74030,17000
52160,0,90500,0
12000,2546,15000,0
35000,0,109000,19000
45978,0,61000,0
51000,0,58000,0
29000,0,68000,0
13300,0,5000,5650
0,0,9876,0
10800,535,0,700
21013,22000,27004,11000
23800,10240,40000,6300
29500,0,38150,0
35600,5000,35401,5500
51367,0,38000,0
63000,0,80449,17680
14928,0,16749,0
5000,0,20000,0
14000,0,7000,0
29000,0,47300,0
14000,0,40000,0
0,19000,6090,23500
21000,5000,9700,14340
27000,10000,20000,0
0,0,0,0
13000,0,4000,0
14000,0,17000,0
22000,0,25000,5500
58010,0,52103,0
32620,0,34000,0
16400,0,27000,0
30000,8459,15870,0
83000,0,70000,6000
48000,0,40000,11000
77723,7000,52138,10000
71500,5000,75895,28000
23000,22555,3960,15100
9180,0,11000,0
16200,0,16666,3000
46000,11100,53000,5500
72946,0,115760,0
63703,0,42200,0
0,10000,5200,11000
63000,3000,113500,25000
30967,1200,41087,11000
44000,0,87500,0
20130,0,0,0
78000,0,86000,0
45969,0,56000,0
70803,0,40000,0
30000,0,43500,0
39321,0,66000,3000
0,13000,0,0
26000,0,37791,0
19406,0,87040,7600
64800,0,59000,0
800,5000,22000,0
18000,13000,24800,3300
30160,0,34000,0
30160,0,0,0
12500,0,14000,0
10045,0,11200,0
78400,0,123200,3360
14400,0,29000,0
48144,0,60500,5500
0,16774,0,0
1000,0,500,0
20000,0,34150,0
27000,0,25000,6220
23500,9000,25768,0
42000,0,48000,0
102000,7488,15000,30000
150,5000,0,0
55000,0,73600,0
30000,0,44000,7000
22000,0,0,0
87300,25000,77200,32000
0,0,129,0
54404,0,46000,0
0,0,0,0
93000,0,129400,4000
23800,0,10000,0
18000,300,4859,11000
34000,0,60000,0
0,0,0,0
0,0,18000,0
70160,0,69000,0
0,0,0,0
15050,0,60000,0
55000,0,63000,0
3000,7120,36930,3000
22939,0,0,0
115000,0,105300,0
52160,0,28000,0
56100,5000,117925,0
12000,0,7175,0
28000,32000,0,52000
27500,0,80000,0
51000,9585,60400,0
20880,0,22000,5500
48700,32050,66299,20000
2363,0,0,0
12000,0,0,0
0,0,0,0
19000,0,14000,0
86000,4000,81700,3000
44394,0,27000,0
0,0,0,0
54000,0,3000,0
12000,0,23000,900
23000,5000,27691,11000
65000,0,130200,0
81000,0,56323,0
19000,0,30000,500
53000,10000,69500,28000
21000,0,133300,0
8000,0,6600,42500
47700,5000,58000,0
73800,0,0,0
90000,0,6100,0
45940,5000,68586,0
75400,0,215400,0
52000,0,73252,0
86000,45000,20000,40000
4950,0,18200,0
73125,7300,105000,30200
54850,5000,80674,7600
49000,0,45000,3000
1200,0,18400,0
52000,14040,60000,0
21600,0,0,0
46500,5100,-6800,0
50000,5000,5000,0
0,0,11000,0
5000,0,17400,478
79872,5000,46455,0
-1000,0,34072,0
54000,14800,31000,60500
85000,3120,105000,0
0,0,0,0
52160,0,85986,5500
0,0,8320,8666
85000,5000,114040,0
0,20800,6000,0
35600,28600,6600,11000
67000,10000,109800,0
41600,0,43000,0
38000,0,38000,0
30160,5000,34000,0
62000,0,74500,0
26130,2000,3000,2340
66000,35000,82000,0
53200,5000,48000,0
75400,0,60400,0
0,0,0,0
21300,5000,16300,0
24000,0,27000,0
31000,0,40000,0
93000,0,152536,7000
2000,5000,0,7600
18200,0,15000,0
15000,7952,3000,0
21000,0,38460,5500
0,0,0,0
30120,15000,0,15012
23000,0,5000,0
16000,0,22000,500
7000,0,4500,0
0,10000,17000,0
26920,0,46954,11000
0,0,0,0
0,5000,0,7600
30600,13500,32000,0
24960,5000,18423,0
32000,0,24500,0
37999,0,23000,0
25000,0,36000,0
20000,0,52000,0
16000,0,41393,0
64980,0,119974,0
51000,0,30300,0
36000,5000,12000,0
30160,0,11200,0
0,0,2560,30650
4000,0,170,0
400,0,0,0
50000,2000,38200,3300
69779,5000,77111,24000
38300,0,80000,0
45000,0,63000,30000
0,0,0,0
8000,0,49388,0
48000,12200,60300,25000
122000,36000,7100,9400
14000,0,29016,0
30000,0,58000,0
0,0,10000,0
0,0,0,0
59346,18000,0,0
40200,0,15000,0
3000,0,0,0
25000,10000,27827,19500
59000,0,85000,0
50000,5800,81500,0
20000,0,70267,0
56000,0,73000,62100
13000,0,35000,0
25200,0,36000,0
0,0,0,0
30160,0,0,0
0,10000,400,0
0,5000,0,5500
10100,0,24000,0
0,0,0,0
26000,0,32000,0
0,0,0,0
12936,5000,17000,0
0,25000,0,0
12750,0,5000,0
28000,19000,15000,5500
47000,0,34000,0
0,0,100,0
52160,0,60500,0
700,0,11000,30000
52700,0,34000,0
14400,0,30000,0
0,0,0,0
260000,5000,126687,75900
18000,5000,18000,0
14500,0,19000,6000
15000,0,5000,7500
3200,5000,6783,0
15000,122000,5000,5500
18000,11800,44824,17500
7000,0,6960,0
39800,36000,42000,5500
16000,0,4400,21120
31460,0,7000,0
0,0,0,0
106943,0,110937,0
77000,26000,82000,9000
26000,0,45000,0
73000,2000,98250,1000
42000,0,57000,0
17888,0,10600,0
38000,0,42000,0
0,0,3096,0
94000,5000,60700,0
39000,400,50050,11000
15000,0,59340,0
80000,0,56000,0
22000,7000,25000,0
50000,0,30000,0
60000,0,50000,0
23000,7000,37000,5500
10000,8000,37464,0
12000,0,12300,0
18000,0,5720,0
39000,0,46675,7600
199200,0,80000,37600
26000,2500,17601,29914
14400,8129,19000,0
93000,0,200000,5500
1000,0,21363,39000
4000,0,2550,0
30160,0,11680,0
7000,0,39725,0
62500,0,34600,0
7625,0,29000,0
0,7000,4653,0
58160,36000,62000,0
7000,0,0,0
0,0,3650,0
6141,0,27100,0
3218,0,33014,0
795,0,42000,0
27000,0,0,0
14500,55000,24171,20800
33010,12400,37006,0
127000,0,73800,0
0,0,26500,0
7000,0,0,0
323000,10750,65600,33000
25300,0,0,0
18970,1320,33704,8500
11000,0,17000,0
2000,0,12900,0
0,0,0,0
55000,0,24252,0
18468,1100,13400,1100
4000,0,16000,0
36423,0,0,0
0,0,0,0
0,0,2400,0
14861,5000,30000,7600
0,0,0,0
20000,0,19988,0
19080,0,32000,0
57000,0,73000,0
67400,0,74039,0
34000,0,65000,0
0,0,0,0
12000,0,5000,0
26405,0,0,0
55000,0,45000,0
97000,0,71340,0
12000,0,21000,7600
0,0,0,400
12000,5000,40100,0
9000,0,0,0
32000,0,32000,0
26000,0,46763,0
45000,0,44580,0
0,0,0,0
3000,0,0,0
53753,0,34650,0
57084,0,60500,0
40000,0,97000,2500
12688,11840,6000,0
73000,0,0,0
56435,6000,27970,14400
18000,0,30000,0
30000,0,38550,0
41500,0,46800,0
141000,21800,34300,0
105400,0,81850,1500
2400,0,685,0
45000,18000,110000,25000
27000,9678,44500,0
33720,0,77252,0
7650,0,4100,0
5000,0,123000,0
28000,38000,36352,0
37000,0,51000,0
89000,0,65859,0
60000,0,24858,0
26320,0,10000,0
0,5000,0,5500
49206,0,67783,0
69000,0,60000,0
77000,0,83000,0
28000,25200,25000,8020
0,0,20,0
10075,53000,0,30000
71000,0,98150,0
16000,0,33000,0
66000,0,25100,11000
24000,2700,70000,16000
0,0,0,0
9980,0,6000,0
6000,0,7000,0
0,2000,0,3687
9260,0,120,9600
52000,0,42000,0
16000,0,42000,0
60000,25000,75000,0
22500,0,0,0
17788,0,0,0
10000,0,0,0
1800,0,1500,0
32000,0,1500,0
12000,0,3000,0
13300,0,14000,5000
0,0,0,0
66200,0,152000,45000
-3000,0,20,0
0,12717,0,0
10608,0,19000,0
75000,0,165000,0
47000,14588,29140,7600
3000,0,0,21680
0,0,1000,0
19000,0,25000,0
1440,0,0,0
42107,0,56000,2000
20000,0,48500,0
50000,0,74000,0
22500,0,38000,0
54600,17000,28900,25000
133000,6000,85000,0
98000,0,103026,0
45160,0,65000,7000
11187,0,6000,9140
25504,3000,46656,11000
0,0,0,0
0,0,0,5500
120000,0,72000,0
23000,0,69500,0
18360,0,25000,0
0,0,5000,11000
20000,0,13000,18720
3184,0,0,10000
23000,0,27400,0
116486,0,55087,0
68107,0,104000,0
6000,0,0,0
38000,5000,0,758
5000,0,0,0
1100,0,0,0
36000,0,27691,4000
82000,0,75000,0
12000,0,16000,0
71450,0,85600,0
30210,0,35060,0
30000,0,55000,5500
102460,30000,60500,5500
52000,0,77000,26500
29000,0,47330,0
39000,0,55012,0
32000,0,54500,0
119000,0,143800,3300
0,0,0,0
0,0,24000,0
17000,43056,17000,0
63104,0,76350,0
0,0,0,0
23000,6720,31000,5500
0,0,0,3164
45000,0,64090,0
15000,600,40000,0
45000,0,52000,0
66000,0,81200,1000
49100,0,72050,0
0,2880,8000,5500
10000,0,14000,11000
13000,0,17200,0
46000,2400,60000,2000
10000,0,0,16640
31983,0,18000,0
8879,0,0,0
150,5000,16392,13500
34000,7000,42760,37000
11000,0,0,0
93500,0,138222,0
29000,21000,3000,0
0,0,0,0
21000,0,25000,0
18000,0,20800,0
30000,0,33000,0
7000,0,42000,0
16000,0,0,0
20000,0,0,0
32000,0,33000,0
400,49404,0,0
0,0,0,0
16000,0,35000,24650
1200,0,34000,0
0,32000,15000,0
75000,0,10200,0
52030,1000,70000,0
63556,0,80500,0
12000,0,0,0
14600,0,9800,0
0,0,0,0
22440,0,40000,0
39300,5000,34000,0
23000,0,42000,0
0,0,28000,0
0,0,0,0
0,0,0,0
500,0,2000,0
18000,0,0,0
0,15232,0,11000
119200,0,89100,0
32000,5000,38500,0
4000,0,8000,0
46060,0,76131,0
97900,0,89000,0
25000,0,45000,0
69000,0,177800,0
0,0,0,1080
10000,0,18250,0
24000,20325,32000,17400
11000,0,12000,0
5000,0,26300,5500
35800,20000,31000,0
32920,0,56300,18000
0,0,0,43000
10400,0,10465,0
9000,2300,15340,0
15000,0,20992,0
24550,0,48000,29000
13000,0,15400,0
19500,0,23000,5500
31323,0,34000,13100
13800,3500,22000,5500
5302,0,0,5500
53560,0,67752,0
26000,0,20975,0
2808,10000,600,11000
0,15000,3900,5500
10000,0,0,0
13000,38000,7100,17000
37000,0,37800,0
34000,0,39000,0
16000,5000,21000,0
9700,0,7020,0
5000,0,0,0
2000,0,16200,0
22000,0,14000,0
0,5000,1200,0
48000,0,16400,19816
33514,5000,50255,0
32000,0,44000,0
44500,0,119500,0
41761,0,44000,0
40000,29000,40500,31500
51000,0,150,45000
20000,0,35000,0
34000,0,46000,0
0,0,0,0
32000,0,22150,0
46000,0,58000,0
19000,0,0,6200
50241,0,34000,0
33660,0,44252,0
58000,0,80000,0
50000,0,29000,0
48000,0,167000,0
94000,0,105000,0
52000,0,140000,0
92200,0,98400,0
53400,0,91000,0
60160,0,49058,0
80000,0,100000,0
84554,9490,102000,4512
0,0,0,5500
75000,4500,146000,0
8000,0,6000,0
58560,8400,76252,27500
0,0,6600,0
542,1600,1610,5500
53000,0,56500,0
54000,0,59600,0
48800,0,35000,0
10000,0,7000,0
15624,0,5000,0
1683,0,10000,0
40000,37440,35000,1312
0,0,0,0
6000,0,70000,0
17000,0,32600,0
30160,0,12485,0
30396,2000,29000,5500
56200,0,72800,0
0,105000,3600,42300
29000,0,0,0
1000,0,33600,5500
39500,0,31500,0
2400,5000,0,5500
14500,0,30000,200
64000,3000,72000,0
0,0,150,5500
0,0,0,0
62000,0,20800,0
42000,0,50605,0
16000,1000,20000,9000
19000,0,29000,0
31000,0,80000,0
17500,0,13300,0
20500,0,18000,0
8400,0,35000,0
0,0,0,0
10400,12000,0,0
29000,8000,32500,24000
21901,0,34000,300
76560,0,201000,0
16500,0,25000,0
47840,15000,57000,0
68000,0,64000,0
54070,0,26300,0
41090,3700,42220,0
6500,0,14000,0
0,0,21000,0
20000,0,51500,0
0,0,0,340
84000,28600,100000,40000
51000,0,62000,0
57000,0,74710,0
28000,0,58000,0
0,0,0,0
0,12000,0,5500
21200,0,35240,0
95087,0,108650,2000
59000,1152,95000,22000
13500,0,26000,0
10400,0,18300,0
14800,0,18200,5500
33362,14032,64000,0
21708,0,42633,0
42000,0,49000,0
0,0,0,0
8900,26000,0,5500
15000,0,19000,3000
35000,0,41599,0
30160,2500,34000,5500
77000,0,86500,0
60000,0,60500,0
62160,2560,34000,6000
7800,5000,10400,0
2880,1260,0,11000
29200,0,38000,0
17400,0,4800,0
19000,0,32000,0
20000,0,30400,0
58530,0,59700,0
128300,3200,185500,23000
92000,0,122000,5500
17300,0,27900,0
29000,7000,34250,0
68000,0,58901,0
132393,12800,90800,0
28500,0,16400,0
173000,12000,665000,25800
40000,0,61600,0
98935,0,89400,800
0,0,0,0
0,0,2400,0
16000,0,6096,1650
2500,0,600,9600
11322,0,23000,0
46800,0,45000,5500
30000,0,120000,0
26000,0,0,0
8688,0,200,0
60100,58000,62125,58000
35000,0,55000,0
47250,0,50500,6300
4000,0,0,0
50000,7000,47400,0
34100,0,32300,15819
0,0,0,0
12400,0,1120,5500
17900,0,0,0
0,0,0,0
0,0,0,0
13000,0,2912,0
27000,0,30000,0
16110,0,20500,0
27000,0,1200,0
0,0,20750,0
1500,0,0,0
40000,54000,21000,3720
32000,0,29500,0
48360,2600,55200,5500
0,0,0,0
55000,0,87000,0
19000,0,8000,0
74500,0,84098,30117
0,0,0,0
10000,0,20000,0
138400,0,87000,0
24000,18444,32000,0
13858,15828,32500,0
16800,0,25000,3500
1500,0,0,0
16750,19000,0,0
35000,3006,59766,2000
0,0,0,0
43000,0,57600,6700
26000,0,26650,0
40000,5000,71000,42500
13000,0,16000,27000
17000,5000,22000,1500
65000,0,87000,0
7000,0,23000,0
90000,0,98500,0
115000,13000,158100,0
59000,0,78000,0
0,0,0,0
30660,0,36100,0
105000,0,77800,0
10175,0,10000,0
14000,0,10000,0
42000,0,42000,0
0,12480,74,0
34200,0,85000,5500
0,0,0,0
2500,0,6000,0
1950,0,23000,0
1800,0,9200,0
8000,0,15000,0
4000,0,5000,0
0,0,19000,0
26000,960,25000,280
53300,5000,78000,0
3419,0,0,0
112000,0,225000,0
149500,0,170000,17000
113000,2000,116000,20000
57700,0,64700,0
67000,0,46965,7000
48000,8000,0,5500
30160,0,0,0
80000,2000,74800,0
1200,0,2932,0
28000,0,10000,0
29000,0,0,0
3600,0,16188,0
37000,21000,0,5500
23000,0,0,0
31500,9240,38000,5500
0,0,60922,0
22000,0,32000,0
23508,0,34000,0
155600,0,99400,5500
186400,0,180888,0
0,0,0,0
68000,10000,52000,0
15,0,0,0
33000,0,44000,5000
100000,34000,105451,13100
0,0,0,0
68000,0,120000,2808
20000,11200,0,13000
1193,0,0,0
7000,0,33000,0
87750,5000,105700,0
30160,0,1501,0
70,7000,300,0
22078,0,10000,5500
22000,0,50000,0
52420,8500,88500,13000
2000,0,7009,0
26000,0,18192,0
0,1797,0,0
31000,0,37000,0
27516,0,34600,0
215900,0,226098,0
182593,0,75522,0
102200,10608,69909,0
400,0,0,0
79000,0,82681,0
15000,0,30000,0
-49840,0,60000,2000
50000,2300,43000,0
5000,0,32000,0
70000,0,34000,0
7000,0,0,5000
60000,0,39600,5500
48000,0,67800,0
129351,0,396268,0
33000,0,101000,0
23000,0,40000,0
64200,0,127305,0
0,5000,0,13500
30025,0,43055,0
0,1198,4000,0
23000,0,17600,0
77050,0,159200,0
22000,5,29000,0
35000,0,47000,7600
0,0,0,0
22400,0,0,0
70700,0,51200,0
62933,1700,51500,40000
44000,0,80160,0
0,0,16500,0
48000,0,64000,0
0,0,36000,5800
0,5808,15500,13100
11000,0,24000,0
20000,0,4800,0
15000,0,27067,5500
13905,0,38000,0
28240,10000,27185,11000
80000,0,176000,0
31000,0,25000,5500
29000,0,42688,0
10000,0,19920,1728
10000,500,11915,5500
7500,5000,1600,0
77107,5000,71000,0
13041,5000,0,5500
49500,0,34000,0
62130,14160,78000,5500
26000,0,45600,0
4000,0,2500,0
15200,0,0,0
14000,5000,12000,0
38000,12600,38000,0
33000,0,26000,0
27500,5000,14000,7600
35000,0,26000,0
47041,0,34000,0
30000,0,55999,34000
18000,0,60500,11000
7000,22000,12000,0
42653,0,38656,0
56000,0,78500,5500
0,0,0,0
16640,1,34000,0
81000,0,69408,0
52000,0,53000,0
39000,0,79000,0
7800,5000,6240,0
18848,0,51500,0
0,0,400,0
76000,0,101200,5500
19200,0,26000,0
36200,0,42007,0
26150,0,36352,0
85660,3100,89532,9600
33000,0,52193,700
123000,7000,16500,5500
52000,0,62683,7600
51300,7700,30000,5500
7000,0,34000,10828
27000,0,30200,12000
40000,5000,34000,0
13933,0,28000,0
141193,0,128948,0
32000,0,33000,8500
83000,0,91000,3200
67000,0,50560,0
82000,0,69400,0
200,0,195,0
0,0,0,16500
17000,79000,26000,0
0,0,5482,0
19000,0,47000,0
0,5000,21446,0
5200,0,5000,0
57000,0,55000,8376
15000,0,23000,0
11200,0,39000,5500
8500,0,4000,0
55684,0,35000,0
23253,0,40092,0
24200,0,500,0
0,0,5258,18408
46500,0,38000,0
6000,300,4200,0
22000,5280,14000,0
22594,12581,35000,25000
36000,0,0,0
22000,0,43000,0
12000,0,58000,3000
11000,945,58000,11540
40600,0,350,0
46000,0,137700,0
26000,44200,0,0
29000,2592,28000,38000
19000,5000,500,5500
43160,0,0,0
33500,0,49800,720
41000,0,0,0
79000,0,8000,150
0,5000,0,5500
23000,0,20000,0
14300,0,0,0
60000,0,67000,0
0,0,0,0
25000,5000,27000,6700
33000,0,200,0
15000,0,25000,0
2000,0,0,0
0,0,0,0
26000,0,26000,0
26000,0,25000,12000
20000,0,8000,0
0,0,0,0
18000,0,43021,0
100000,0,126000,5000
500,0,0,0
7875,900,41000,10600
9800,0,0,0
59000,11000,42846,0
100000,1000,70500,0
30000,0,47200,700
60000,0,80000,0
60000,0,34000,0
6240,0,0,0
0,0,13000,0
0,15600,0,0
35000,5000,47000,17000
34000,5000,50000,5500
15384,0,22387,2800
0,0,0,0
10868,0,24300,0
8000,0,17000,0
9000,0,42000,0
45900,0,69244,0
42179,0,35000,0
40500,0,82692,14000
26307,0,34000,0
20000,0,57500,0
2078,0,47400,0
1500,5000,5000,13100
26020,0,48815,0
1100,0,12000,500
32000,0,56010,0
55000,34500,0,30000
43000,0,58000,0
44006,0,66020,0
5400,0,66500,0
80000,0,165000,0
44000,0,33000,0
40500,8400,110000,1500
19950,0,82500,5500
28000,0,14000,0
0,0,0,0
0,0,0,0
29000,0,7032,0
13000,9072,54000,0
44000,5000,18500,0
0,0,0,0
40000,5200,63089,13100
130000,8500,157200,42000
63000,800,133377,0
28000,0,34000,0
9032,32000,1320,2800
30000,0,25000,0
48000,0,10000,6000
18000,6928,31580,0
12000,7000,12600,0
33675,0,46000,30000
97000,11400,83500,0
3000,0,70000,0
68000,0,101002,600
0,0,0,0
1300,0,18000,0
18000,0,41000,6100
22800,0,0,0
400,5000,0,5500
27000,0,38000,0
36858,0,9000,0
25000,0,10000,0
15673,0,0,0
1230,5000,0,70
15400,0,17000,0
73200,0,35000,0
89700,0,146100,5500
88500,0,70000,5500
41000,1000,39000,22800
22000,0,0,0
43000,0,63840,1020
9699,0,152,0
27060,0,150,0
26420,0,35000,0
102000,0,47000,13000
11000,0,0,0
61223,0,0,300
26000,50,0,0
17000,0,88000,0
0,0,17000,0
44000,0,77000,0
0,0,0,0
72000,0,135000,0
20000,0,25000,0
20000,0,14000,0
22000,0,30000,0
0,0,0,0
0,0,0,0
30160,7000,10320,7600
54000,0,78000,0
15680,0,16000,5500
50000,0,55018,0
20000,0,34000,0
19050,0,25000,0
0,0,0,0
35000,33000,62000,72000
57000,0,89000,0
30000,3000,24480,5500
6000,0,0,5500
33000,0,27000,0
0,16500,16000,15200
24000,600,31500,16055
20938,0,13000,800
0,7000,0,5500
0,0,0,0
50000,0,92500,0
52160,0,0,0
42000,8000,14000,24000
7600,0,14000,0
0,0,0,0
30160,5000,500,0
31000,0,44000,0
30160,0,28000,0
9000,25920,36000,0
153000,0,100000,0
25000,0,42000,0
14400,5000,40000,5500
20000,0,10000,7600
50160,0,20000,1000
40278,5000,20681,0
30000,0,54000,63260
26000,5000,7000,5500
21000,0,34800,0
18000,5000,0,0
2808,0,0,4000
66000,6680,54000,11000
